time,seconds,ESSMaxChargePower,BMSMaxChargePower,PCSMaxChargePower,PCSOutputPower
2021-07-15 06:50:11.766675,0,-3373.4968165117243,-3299.0062,-3510,-1063
2021-07-15 06:50:12.763831,1,-2892.8184640726404,-3325.3824000000004,-3510,-1482
2021-07-15 06:50:13.769705,2,-3193.2393728792586,-3348.3384,-3510,-1498
2021-07-15 06:50:14.764692,3,-3302.5651719006123,-3349.659,-3510,-1500
2021-07-15 06:50:15.765839,4,-3297.577709981403,-3350.732,-3510,-1499
2021-07-15 06:50:16.770402,5,-3295.329311842838,-3351.3174000000004,-3510,-1499
2021-07-15 06:50:17.768070,6,-3287.287673784459,-3351.8972,-3510,-1498
2021-07-15 06:50:18.765404,7,-3282.604707498898,-3352.9058999999997,-3510,-1499
2021-07-15 06:50:19.769006,8,-3284.189258805243,-3352.2762000000002,-3510,-1499
2021-07-15 06:50:20.767397,9,-3283.1331355170114,-3351.6429,-3510,-1499
2021-07-15 06:50:21.765868,10,-3314.618876285438,-3350.5266,-3510,-1498
2021-07-15 06:50:22.779517,11,-3321.9987207216477,-3351.2852000000003,-3510,-1499
2021-07-15 06:50:23.768606,12,-3315.763213386978,-3351.563,-3510,-1499
2021-07-15 06:50:24.778309,13,-3320.014817703858,-3351.8394,-3510,-1499
2021-07-15 06:50:25.766814,14,-3319.6299196859204,-3353.2758000000003,-3510,-1499
2021-07-15 06:50:26.780318,15,-3310.4396071944334,-3352.8323,-3510,-1500
2021-07-15 06:50:27.769071,16,-3308.785914993608,-3352.8664,-3510,-1500
2021-07-15 06:50:28.767184,17,-3298.628619222243,-3352.4210999999996,-3510,-1500
2021-07-15 06:50:29.767280,18,-3306.3602927088905,-3353.1384000000003,-3510,-1499
2021-07-15 06:50:30.778154,19,-3309.261408697223,-3354.0948,-3510,-1499
2021-07-15 06:50:31.766544,20,-3318.447697269826,-3353.409,-3510,-1499
2021-07-15 06:50:32.767176,21,-3313.146603782457,-3353.2003999999997,-3510,-1500
2021-07-15 06:50:33.766304,22,-3322.0062280651546,-3352.2744,-3510,-1500
2021-07-15 06:50:34.768620,23,-3326.64648313879,-3353.2296,-3510,-2187
2021-07-15 06:50:35.768796,24,-2477.1858913340175,-3321.9503999999997,-3510,-2966
2021-07-15 06:50:36.776762,25,-3188.2732526870927,-3350.3015,-3510,-2996
2021-07-15 06:50:37.766541,26,-3203.0995188835677,-3351.1929,-3510,-2997
2021-07-15 06:50:38.766556,27,-3206.763887264598,-3352.1046,-3510,-2997
2021-07-15 06:50:39.766499,28,-3223.6109002161484,-3350.88,-3510,-2995
2021-07-15 06:50:40.766150,29,-3236.469846149036,-3352.284,-3510,-2996
2021-07-15 06:50:41.767710,30,-3239.8156196472596,-3352.2548,-3510,-2997
2021-07-15 06:50:42.764083,31,-3237.117311334315,-3353.4243,-3510,-2997
2021-07-15 06:50:43.767083,32,-3239.0986607724567,-3352.692,-3510,-2997
2021-07-15 06:50:44.765034,33,-3228.4286850357785,-3352.1928000000003,-3510,-2997
2021-07-15 06:50:45.769402,34,-3224.053345097237,-3353.1276000000003,-3510,-2997
2021-07-15 06:50:46.766653,35,-3231.5207727118104,-3353.595,-3510,-2997
2021-07-15 06:50:47.766126,36,-3230.4338076779513,-3353.595,-3510,-2997
2021-07-15 06:50:48.765979,37,-3225.5235482069875,-3353.328,-3510,-2996
2021-07-15 06:50:49.766015,38,-3224.092871129015,-3352.126,-3510,-2996
2021-07-15 06:50:50.765493,39,-3231.995321782253,-3353.06,-3510,-2997
2021-07-15 06:50:51.765579,40,-3242.158596507641,-3353.2935,-3510,-2997
2021-07-15 06:50:52.777373,41,-3238.6025818119106,-3353.994,-3510,-2997
2021-07-15 06:50:53.768727,42,-3227.498763738244,-3353.994,-3510,-2997
2021-07-15 06:50:54.769896,43,-3232.410701520285,-3352.2877000000003,-3510,-2997
2021-07-15 06:50:55.768998,44,-3253.169162640072,-3352.9876,-3510,-2996
2021-07-15 06:50:56.766727,45,-3253.169162640072,-3352.9876,-3510,-2996
2021-07-15 06:50:57.765342,46,-3240.8758512375043,-3353.9208,-3510,-2997
2021-07-15 06:50:58.764188,47,-3239.736781449376,-3353.9208,-3510,-2997
2021-07-15 06:50:59.767053,48,-3258.0126572405857,-3351.0455999999995,-3510,-2996
2021-07-15 06:51:00.779337,49,-3251.269685347536,-3351.5117999999998,-3510,-2996
2021-07-15 06:51:01.765782,50,-3250.8559534035967,-3351.978,-3510,-2996
2021-07-15 06:51:02.764096,51,-3252.16603353715,-3352.2110999999995,-3510,-2996
2021-07-15 06:51:03.767702,52,-3236.2721966788836,-3349.8007,-3510,-3088
2021-07-15 06:51:04.766041,53,-3294.478142603992,-3353.5271000000002,-3510,-3096
2021-07-15 06:51:05.766411,54,-3235.680902066626,-3353.9928999999997,-3510,-3097
2021-07-15 06:51:06.765576,55,-3231.7434005691575,-3354.4586999999997,-3510,-3096
2021-07-15 06:51:07.766325,56,-3209.8960996572905,-3353.0184,-3510,-3096
2021-07-15 06:51:08.767325,57,-3198.566448649207,-3353.2512,-3510,-3096
2021-07-15 06:51:09.765948,58,-3217.722289105574,-3352.2762,-3510,-3097
2021-07-15 06:51:10.778904,59,-3218.7461454963923,-3352.2762,-3510,-3097
2021-07-15 06:51:11.767440,60,-3213.328104240399,-3352.5089,-3510,-3096
2021-07-15 06:51:12.765967,61,-3214.7930843101,-3352.7416000000003,-3510,-3097
2021-07-15 06:51:13.768132,62,-3243.0156732318815,-3352.9743000000003,-3510,-3096
2021-07-15 06:51:14.766849,63,-3243.0156732318815,-3352.9743000000003,-3510,-3096
2021-07-15 06:51:15.767156,64,-3235.2354190842193,-3353.4397,-3510,-3096
2021-07-15 06:51:16.767715,65,-3238.184246513554,-3354.1378000000004,-3510,-3095
2021-07-15 06:51:17.766705,66,-3236.4380715445977,-3353.6724,-3510,-3096
2021-07-15 06:51:18.766750,67,-3236.2307497236493,-3353.9051,-3510,-3149
2021-07-15 06:51:19.766224,68,-3209.9462765306807,-3351.4404,-3510,-3193
2021-07-15 06:51:20.764420,69,-3250.3086913251686,-3353.2996000000003,-3510,-3196
2021-07-15 06:51:21.769242,70,-3235.1745778493855,-3352.089,-3510,-3196
2021-07-15 06:51:22.764602,71,-3226.0573681218652,-3353.7644,-3510,-3196
2021-07-15 06:51:23.766949,72,-3242.354601354491,-3352.7859,-3510,-3193
2021-07-15 06:51:24.779541,73,-3242.5800225409052,-3353.4827999999998,-3510,-3196
2021-07-15 06:51:25.767090,74,-3218.918909455225,-3353.4827999999998,-3510,-3196
2021-07-15 06:51:26.764438,75,-3221.2032945063056,-3354.1797,-3510,-3195
2021-07-15 06:51:27.768046,76,-3222.0547639925826,-3352.7358000000004,-3510,-3196
2021-07-15 06:51:28.764359,77,-3218.0902035954737,-3352.5036,-3510,-3196
2021-07-15 06:51:29.767548,78,-3222.947272040968,-3352.968,-3510,-3196
2021-07-15 06:51:30.764180,79,-3226.0638858277425,-3353.2001999999998,-3510,-3196
2021-07-15 06:51:31.767012,80,-3195.1625591342336,-3353.6646,-3510,-3195
2021-07-15 06:51:32.764637,81,-3196.0490177235583,-3353.8968000000004,-3510,-3196
2021-07-15 06:51:33.766931,82,-3209.842395872722,-3354.129,-3510,-3196
2021-07-15 06:51:34.764219,83,-3213.53750407943,-3353.1487,-3510,-3196
2021-07-15 06:51:35.767342,84,-3214.516328782101,-3354.3612,-3510,-3196
2021-07-15 06:51:36.766040,85,-3207.251145923882,-3350.0274,-3510,-3280
2021-07-15 06:51:37.768201,86,-3207.622838476493,-3352.3464,-3510,-3292
2021-07-15 06:51:38.771102,87,-3218.7625531691237,-3353.274,-3510,-3277
2021-07-15 06:51:39.764552,88,-3221.382458149782,-3353.0421,-3510,-3262
2021-07-15 06:51:40.780960,89,-3212.8900627099465,-3352.5783,-3510,-3246
2021-07-15 06:51:41.768675,90,-3234.6216016521857,-3354.024,-3510,-3228
2021-07-15 06:51:42.779695,91,-3221.767259745547,-3353.328,-3510,-3213
2021-07-15 06:51:43.768417,92,-3249.264588522222,-3354.5413,-3510,-3197
2021-07-15 06:51:44.765499,93,-3237.2726380268055,-3354.0770999999995,-3510,-3183
2021-07-15 06:51:45.767996,94,-3249.1096118113637,-3353.1487,-3510,-3183
2021-07-15 06:51:46.764249,95,-3247.531331092842,-3353.3808,-3510,-3186
2021-07-15 06:51:47.768153,96,-3246.3496937433038,-3353.3808,-3510,-3190
2021-07-15 06:51:48.764166,97,-3253.066341668327,-3353.6129000000005,-3510,-3194
2021-07-15 06:51:49.766935,98,-3199.020000000011,-3353.845,-3199.020000000011,-3196
2021-07-15 06:51:50.781568,99,-3199.020000000011,-3354.3092,-3199.020000000011,-3196
2021-07-15 06:51:51.766425,100,-3199.020000000011,-3354.5413,-3199.020000000011,-3197
2021-07-15 06:51:52.764097,101,-3199.020000000011,-3355.0055,-3199.020000000011,-3196
2021-07-15 06:51:53.765901,102,-3202.3200000000106,-3353.792,-3202.3200000000106,-3198
2021-07-15 06:51:54.764413,103,-3202.3200000000106,-3355.0055,-3202.3200000000106,-3200
2021-07-15 06:51:55.766610,104,-3202.3200000000106,-3352.1145,-3202.3200000000106,-3199
2021-07-15 06:51:56.765388,105,-3202.3200000000106,-3352.1145,-3202.3200000000106,-3200
2021-07-15 06:51:57.767928,106,-3202.3200000000106,-3352.5783,-3202.3200000000106,-3199
2021-07-15 06:51:58.774222,107,-3202.3200000000106,-3353.792,-3202.3200000000106,-3199
2021-07-15 06:51:59.765419,108,-3202.3200000000106,-3354.024,-3202.3200000000106,-3199
2021-07-15 06:52:00.764164,109,-3202.3200000000106,-3354.256,-3202.3200000000106,-3199
2021-07-15 06:52:01.768661,110,-3202.3200000000106,-3354.72,-3202.3200000000106,-3202
2021-07-15 06:52:02.767112,111,-3202.3200000000106,-3353.274,-3202.3200000000106,-3206
2021-07-15 06:52:03.766764,112,-3211.89000000001,-3353.0421,-3211.89000000001,-3209
2021-07-15 06:52:04.764258,113,-3211.89000000001,-3353.274,-3211.89000000001,-3208
2021-07-15 06:52:05.767336,114,-3211.89000000001,-3353.274,-3211.89000000001,-3208
2021-07-15 06:52:06.766455,115,-3211.89000000001,-3353.274,-3211.89000000001,-3209
2021-07-15 06:52:07.765532,116,-3214.860000000009,-3353.0421,-3214.860000000009,-3211
2021-07-15 06:52:08.764384,117,-3214.860000000009,-3353.5059,-3214.860000000009,-3211
2021-07-15 06:52:09.765230,118,-3214.860000000009,-3353.5059,-3214.860000000009,-3210
2021-07-15 06:52:10.767182,119,-3214.588271285642,-3353.274,-3214.860000000009,-3211
2021-07-15 06:52:11.766686,120,-3214.5684805578526,-3353.5059,-3214.860000000009,-3211
2021-07-15 06:52:12.780352,121,-3214.860000000009,-3353.274,-3214.860000000009,-3211
2021-07-15 06:52:13.766684,122,-3214.860000000009,-3353.0421,-3214.860000000009,-3211
2021-07-15 06:52:14.782288,123,-3211.5847805835056,-3353.274,-3214.860000000009,-3211
2021-07-15 06:52:15.767324,124,-3214.860000000009,-3353.0421,-3214.860000000009,-3211
2021-07-15 06:52:16.764179,125,-3214.860000000009,-3354.72,-3214.860000000009,-3211
2021-07-15 06:52:17.768781,126,-3205.894752331929,-3354.72,-3214.860000000009,-3212
2021-07-15 06:52:18.782636,127,-3209.288931855483,-3355.184,-3214.860000000009,-3212
2021-07-15 06:52:19.767418,128,-3214.860000000009,-3353.9696999999996,-3214.860000000009,-3211
2021-07-15 06:52:20.764665,129,-3214.860000000009,-3355.416,-3214.860000000009,-3212
2021-07-15 06:52:21.766889,130,-3214.860000000009,-3353.9696999999996,-3214.860000000009,-3211
2021-07-15 06:52:22.771446,131,-3214.860000000009,-3353.7378000000003,-3214.860000000009,-3212
2021-07-15 06:52:23.767707,132,-3218.160000000009,-3352.2916,-3218.160000000009,-3215
2021-07-15 06:52:24.771454,133,-3218.160000000009,-3352.2916,-3218.160000000009,-3215
2021-07-15 06:52:25.767317,134,-3218.160000000009,-3352.5234,-3218.160000000009,-3216
2021-07-15 06:52:26.766346,135,-3218.160000000009,-3353.9696999999996,-3218.160000000009,-3215
2021-07-15 06:52:27.766734,136,-3218.160000000009,-3354.4335,-3218.160000000009,-3215
2021-07-15 06:52:28.765238,137,-3218.160000000009,-3354.2016,-3218.160000000009,-3216
2021-07-15 06:52:29.766995,138,-3218.160000000009,-3354.6654,-3218.160000000009,-3216
2021-07-15 06:52:30.785850,139,-3218.160000000009,-3353.2187999999996,-3218.160000000009,-3215
2021-07-15 06:52:31.766978,140,-3217.1217706906573,-3352.987,-3221.1300000000087,-3218
2021-07-15 06:52:32.770081,141,-3219.6465762664143,-3352.987,-3221.1300000000087,-3218
2021-07-15 06:52:33.769846,142,-3209.9065198044627,-3352.5234,-3221.1300000000087,-3219
2021-07-15 06:52:34.769862,143,-3212.220446137366,-3352.5234,-3221.1300000000087,-3218
2021-07-15 06:52:35.767965,144,-3219.5864207235854,-3354.2016,-3221.1300000000087,-3218
2021-07-15 06:52:36.774922,145,-3215.4274034313057,-3352.5234,-3221.1300000000087,-3219
2021-07-15 06:52:37.767549,146,-3215.1002962813304,-3352.7552,-3221.1300000000087,-3218
2021-07-15 06:52:38.768021,147,-3215.557976550332,-3354.2016,-3221.1300000000087,-3218
2021-07-15 06:52:39.769076,148,-3216.528026034397,-3354.2016,-3221.1300000000087,-3218
2021-07-15 06:52:40.766909,149,-3219.2786752111,-3353.9696999999996,-3221.1300000000087,-3218
2021-07-15 06:52:41.769650,150,-3206.9918452372544,-3352.0598,-3221.1300000000087,-3219
2021-07-15 06:52:42.766429,151,-3207.301810238063,-3353.9696999999996,-3221.1300000000087,-3219
2021-07-15 06:52:43.766338,152,-3221.1300000000087,-3355.184,-3221.1300000000087,-3218
2021-07-15 06:52:44.766922,153,-3221.1300000000087,-3355.184,-3221.1300000000087,-3219
2021-07-15 06:52:45.771347,154,-3221.1300000000087,-3354.2016,-3221.1300000000087,-3218
2021-07-15 06:52:46.764425,155,-3221.1300000000087,-3353.9696999999996,-3221.1300000000087,-3218
2021-07-15 06:52:47.767512,156,-3221.1300000000087,-3354.4335,-3221.1300000000087,-3219
2021-07-15 06:52:48.765998,157,-3221.1300000000087,-3353.9696999999996,-3221.1300000000087,-3218
2021-07-15 06:52:49.767322,158,-3221.1300000000087,-3353.9696999999996,-3221.1300000000087,-3218
2021-07-15 06:52:50.772981,159,-3221.1300000000087,-3352.5234,-3221.1300000000087,-3218
2021-07-15 06:52:51.766737,160,-3221.1300000000087,-3352.2916,-3221.1300000000087,-3218
2021-07-15 06:52:52.766100,161,-3221.1300000000087,-3352.5234,-3221.1300000000087,-3219
2021-07-15 06:52:53.767069,162,-3221.1300000000087,-3352.5234,-3221.1300000000087,-3219
2021-07-15 06:52:54.773242,163,-3221.1300000000087,-3354.2016,-3221.1300000000087,-3219
2021-07-15 06:52:55.765451,164,-3223.5754900781944,-3354.4335,-3224.4300000000085,-3219
2021-07-15 06:52:56.768370,165,-3221.5908387445484,-3352.987,-3224.4300000000085,-3220
2021-07-15 06:52:57.767348,166,-3213.1246532692903,-3352.7552,-3224.4300000000085,-3222
2021-07-15 06:52:58.767910,167,-3213.1246532692903,-3352.7552,-3224.4300000000085,-3220
2021-07-15 06:52:59.768136,168,-3222.0116196673234,-3352.2916,-3224.4300000000085,-3221
2021-07-15 06:53:00.777500,169,-3222.0282678168305,-3352.2916,-3224.4300000000085,-3221
2021-07-15 06:53:01.766327,170,-3217.1829585348014,-3353.5059,-3224.4300000000085,-3221
2021-07-15 06:53:02.765872,171,-3220.2005442846744,-3353.9696999999996,-3224.4300000000085,-3221
2021-07-15 06:53:03.766905,172,-3210.934771888668,-3353.9696999999996,-3224.4300000000085,-3220
2021-07-15 06:53:04.767995,173,-3216.806176010541,-3354.952,-3224.4300000000085,-3220
2021-07-15 06:53:05.767004,174,-3212.6241414426354,-3353.5059,-3224.4300000000085,-3220
2021-07-15 06:53:06.767365,175,-3206.840502670659,-3353.0421,-3224.4300000000085,-3221
2021-07-15 06:53:07.770001,176,-3224.4300000000085,-3353.274,-3224.4300000000085,-3221
2021-07-15 06:53:08.779430,177,-3224.4300000000085,-3353.0421,-3224.4300000000085,-3220
2021-07-15 06:53:09.768287,178,-3224.4300000000085,-3354.256,-3224.4300000000085,-3220
2021-07-15 06:53:10.776520,179,-3224.4300000000085,-3354.256,-3224.4300000000085,-3221
2021-07-15 06:53:11.766553,180,-3224.4300000000085,-3354.256,-3224.4300000000085,-3220
2021-07-15 06:53:12.767377,181,-3224.4300000000085,-3354.488,-3224.4300000000085,-3221
2021-07-15 06:53:13.766322,182,-3224.4300000000085,-3353.274,-3224.4300000000085,-3221
2021-07-15 06:53:14.765806,183,-3220.329363927705,-3354.72,-3224.4300000000085,-3220
2021-07-15 06:53:15.768776,184,-3223.565653057934,-3354.488,-3224.4300000000085,-3221
2021-07-15 06:53:16.766441,185,-3217.0716430594853,-3353.0421,-3224.4300000000085,-3221
2021-07-15 06:53:17.766741,186,-3224.4300000000085,-3353.0421,-3224.4300000000085,-3222
2021-07-15 06:53:18.769305,187,-3224.4300000000085,-3353.0421,-3224.4300000000085,-3221
2021-07-15 06:53:19.767227,188,-3211.6831495367674,-3352.8102,-3224.4300000000085,-3221
2021-07-15 06:53:20.764397,189,-3211.2331377754417,-3354.952,-3224.4300000000085,-3221
2021-07-15 06:53:21.767029,190,-3219.0921695817246,-3353.5059,-3224.4300000000085,-3221
2021-07-15 06:53:22.776694,191,-3219.0921695817246,-3353.5059,-3224.4300000000085,-3220
2021-07-15 06:53:23.766315,192,-3222.0575379710453,-3354.72,-3224.4300000000085,-3221
2021-07-15 06:53:24.766984,193,-3220.9381155177616,-3353.274,-3224.4300000000085,-3221
2021-07-15 06:53:25.767555,194,-3213.6961761359025,-3352.8102,-3224.4300000000085,-3222
2021-07-15 06:53:26.770573,195,-3220.1712885539755,-3352.8102,-3224.4300000000085,-3221
2021-07-15 06:53:27.766246,196,-3215.837961073493,-3354.256,-3224.4300000000085,-3221
2021-07-15 06:53:28.778337,197,-3222.309888184592,-3354.024,-3224.4300000000085,-3220
2021-07-15 06:53:29.767702,198,-3207.65620230685,-3354.024,-3224.4300000000085,-3220
2021-07-15 06:53:30.766661,199,-3206.9235180129626,-3354.024,-3224.4300000000085,-3221
2021-07-15 06:53:31.768125,200,-3224.4300000000085,-3354.256,-3224.4300000000085,-3220
2021-07-15 06:53:32.764509,201,-3224.4300000000085,-3353.56,-3224.4300000000085,-3221
2021-07-15 06:53:33.769306,202,-3222.5159825939554,-3353.56,-3224.4300000000085,-3221
2021-07-15 06:53:34.765206,203,-3223.8649527022376,-3353.096,-3224.4300000000085,-3221
2021-07-15 06:53:35.766664,204,-3222.4392182893093,-3353.096,-3224.4300000000085,-3220
2021-07-15 06:53:36.778743,205,-3222.4392182893093,-3354.5413,-3224.4300000000085,-3221
2021-07-15 06:53:37.769682,206,-3224.4300000000085,-3353.328,-3224.4300000000085,-3222
2021-07-15 06:53:38.766705,207,-3224.4300000000085,-3353.56,-3224.4300000000085,-3221
2021-07-15 06:53:39.769172,208,-3224.4300000000085,-3353.792,-3224.4300000000085,-3221
2021-07-15 06:53:40.768381,209,-3224.4300000000085,-3353.792,-3224.4300000000085,-3221
2021-07-15 06:53:41.767012,210,-3224.4300000000085,-3353.56,-3224.4300000000085,-3221
2021-07-15 06:53:42.764700,211,-3224.4300000000085,-3353.56,-3224.4300000000085,-3222
2021-07-15 06:53:43.768075,212,-3222.120860693812,-3353.56,-3227.7300000000077,-3224
2021-07-15 06:53:44.764279,213,-3227.7300000000077,-3351.8826,-3227.7300000000077,-3225
2021-07-15 06:53:45.767616,214,-3220.3659918493104,-3353.096,-3227.7300000000077,-3225
2021-07-15 06:53:46.769324,215,-3214.1778939668307,-3354.7734000000005,-3227.7300000000077,-3225
2021-07-15 06:53:47.768743,216,-3220.137279076044,-3353.56,-3227.7300000000077,-3224
2021-07-15 06:53:48.778437,217,-3227.567921925261,-3353.56,-3227.7300000000077,-3225
2021-07-15 06:53:49.767213,218,-3227.7300000000077,-3353.792,-3227.7300000000077,-3224
2021-07-15 06:53:50.771963,219,-3227.7300000000077,-3353.328,-3227.7300000000077,-3224
2021-07-15 06:53:51.768750,220,-3216.578585111548,-3353.096,-3227.7300000000077,-3224
2021-07-15 06:53:52.772569,221,-3214.282556972887,-3352.864,-3227.7300000000077,-3224
2021-07-15 06:53:53.768439,222,-3205.8260347033042,-3354.0770999999995,-3227.7300000000077,-3224
2021-07-15 06:53:54.779610,223,-3206.692424358325,-3354.0770999999995,-3227.7300000000077,-3225
2021-07-15 06:53:55.766019,224,-3227.7300000000077,-3353.845,-3227.7300000000077,-3225
2021-07-15 06:53:56.764130,225,-3227.7300000000077,-3352.864,-3227.7300000000077,-3225
2021-07-15 06:53:57.767252,226,-3227.7300000000077,-3354.0770999999995,-3227.7300000000077,-3224
2021-07-15 06:53:58.765009,227,-3227.7300000000077,-3354.3092,-3227.7300000000077,-3225
2021-07-15 06:53:59.766248,228,-3227.7300000000077,-3353.845,-3227.7300000000077,-3224
2021-07-15 06:54:00.764613,229,-3227.7300000000077,-3353.3808,-3227.7300000000077,-3224
2021-07-15 06:54:01.767397,230,-3227.7300000000077,-3353.3808,-3227.7300000000077,-3225
2021-07-15 06:54:02.769173,231,-3227.7300000000077,-3354.8256,-3227.7300000000077,-3225
2021-07-15 06:54:03.767963,232,-3231.0300000000075,-3354.5933999999997,-3231.0300000000075,-3228
2021-07-15 06:54:04.764513,233,-3231.0300000000075,-3354.5933999999997,-3231.0300000000075,-3227
2021-07-15 06:54:05.767513,234,-3231.0300000000075,-3354.5933999999997,-3231.0300000000075,-3228
2021-07-15 06:54:06.765026,235,-3231.0300000000075,-3355.29,-3231.0300000000075,-3227
2021-07-15 06:54:07.765753,236,-3210.8006705552916,-3353.845,-3231.0300000000075,-3227
2021-07-15 06:54:08.763985,237,-3206.299456373457,-3353.6129000000005,-3231.0300000000075,-3227
2021-07-15 06:54:09.769304,238,-3230.762028882716,-3355.0578000000005,-3231.0300000000075,-3228
2021-07-15 06:54:10.763882,239,-3231.0300000000075,-3353.6129000000005,-3231.0300000000075,-3228
2021-07-15 06:54:11.766701,240,-3219.529276881964,-3353.6129000000005,-3231.0300000000075,-3228
2021-07-15 06:54:12.764293,241,-3222.7879239392414,-3353.1487,-3231.0300000000075,-3227
2021-07-15 06:54:13.764786,242,-3213.0945069249515,-3354.8256,-3231.0300000000075,-3227
2021-07-15 06:54:14.764208,243,-3216.563027448202,-3353.6129000000005,-3231.0300000000075,-3227
2021-07-15 06:54:15.768374,244,-3210.0394280033006,-3353.6129000000005,-3231.0300000000075,-3227
2021-07-15 06:54:16.765349,245,-3210.6116394170754,-3353.6129000000005,-3231.0300000000075,-3228
2021-07-15 06:54:17.768259,246,-3231.0300000000075,-3353.845,-3231.0300000000075,-3227
2021-07-15 06:54:18.764104,247,-3231.0300000000075,-3353.6129000000005,-3231.0300000000075,-3227
2021-07-15 06:54:19.767395,248,-3218.869296759509,-3353.3808,-3231.0300000000075,-3227
2021-07-15 06:54:20.764393,249,-3218.869296759509,-3353.3808,-3231.0300000000075,-3228
2021-07-15 06:54:21.770318,250,-3231.0300000000075,-3354.8256,-3231.0300000000075,-3228
2021-07-15 06:54:22.764239,251,-3231.0300000000075,-3354.5933999999997,-3231.0300000000075,-3228
2021-07-15 06:54:23.767347,252,-3223.794682963399,-3354.5933999999997,-3231.0300000000075,-3228
2021-07-15 06:54:24.764960,253,-3222.8630126133507,-3353.1487,-3231.0300000000075,-3228
2021-07-15 06:54:25.769021,254,-3219.791123781773,-3352.9165999999996,-3231.0300000000075,-3228
2021-07-15 06:54:26.765750,255,-3222.0823958266938,-3354.129,-3231.0300000000075,-3228
2021-07-15 06:54:27.768666,256,-3217.699585744174,-3354.129,-3231.0300000000075,-3227
2021-07-15 06:54:28.764050,257,-3215.1730425760447,-3353.6646,-3231.0300000000075,-3228
2021-07-15 06:54:29.767691,258,-3231.0300000000075,-3353.8968000000004,-3231.0300000000075,-3228
2021-07-15 06:54:30.763984,259,-3231.0300000000075,-3352.2203,-3231.0300000000075,-3228
2021-07-15 06:54:31.766544,260,-3203.182458673297,-3352.2203,-3231.0300000000075,-3228
2021-07-15 06:54:32.764445,261,-3202.374354596144,-3353.8968000000004,-3231.0300000000075,-3228
2021-07-15 06:54:33.768735,262,-3231.0300000000075,-3353.6646,-3231.0300000000075,-3227
2021-07-15 06:54:34.780437,263,-3231.0300000000075,-3353.6646,-3231.0300000000075,-3228
2021-07-15 06:54:35.763966,264,-3231.0300000000075,-3353.4323999999997,-3231.0300000000075,-3228
2021-07-15 06:54:36.764504,265,-3231.0300000000075,-3353.2001999999998,-3231.0300000000075,-3228
2021-07-15 06:54:37.766590,266,-3221.666158355359,-3352.968,-3231.0300000000075,-3227
2021-07-15 06:54:38.781186,267,-3223.7066481388383,-3352.968,-3231.0300000000075,-3228
2021-07-15 06:54:39.768583,268,-3231.0300000000075,-3352.7358000000004,-3231.0300000000075,-3229
2021-07-15 06:54:40.779969,269,-3231.0300000000075,-3352.968,-3231.0300000000075,-3228
2021-07-15 06:54:41.767518,270,-3231.0300000000075,-3352.968,-3231.0300000000075,-3228
2021-07-15 06:54:42.764646,271,-3231.0300000000075,-3353.4323999999997,-3231.0300000000075,-3228
2021-07-15 06:54:43.766037,272,-3231.0300000000075,-3353.4323999999997,-3231.0300000000075,-3228
2021-07-15 06:54:44.774708,273,-3231.0300000000075,-3353.2001999999998,-3231.0300000000075,-3227
2021-07-15 06:54:45.767846,274,-3218.8309846172215,-3352.968,-3234.0000000000073,-3231
2021-07-15 06:54:46.767729,275,-3220.9613147430546,-3353.2001999999998,-3234.0000000000073,-3230
2021-07-15 06:54:47.766907,276,-3227.654320573314,-3352.968,-3234.0000000000073,-3230
2021-07-15 06:54:48.764136,277,-3224.6532539433274,-3352.968,-3234.0000000000073,-3231
2021-07-15 06:54:49.767410,278,-3225.119280817708,-3353.2001999999998,-3234.0000000000073,-3231
2021-07-15 06:54:50.766073,279,-3227.3775500381767,-3353.2001999999998,-3234.0000000000073,-3230
2021-07-15 06:54:51.768332,280,-3211.404407730822,-3352.968,-3234.0000000000073,-3230
2021-07-15 06:54:52.766411,281,-3210.2971046214543,-3353.2001999999998,-3234.0000000000073,-3230
2021-07-15 06:54:53.767788,282,-3208.7548202053617,-3352.968,-3234.0000000000073,-3231
2021-07-15 06:54:54.767411,283,-3208.7548202053617,-3352.968,-3234.0000000000073,-3230
2021-07-15 06:54:55.767338,284,-3229.4645942003363,-3352.968,-3234.0000000000073,-3229
2021-07-15 06:54:56.767916,285,-3230.1142372888353,-3352.7358000000004,-3234.0000000000073,-3231
2021-07-15 06:54:57.770016,286,-3234.0000000000073,-3352.7358000000004,-3234.0000000000073,-3231
2021-07-15 06:54:58.768409,287,-3234.0000000000073,-3352.2714,-3234.0000000000073,-3230
2021-07-15 06:54:59.767575,288,-3234.0000000000073,-3353.7151,-3234.0000000000073,-3230
2021-07-15 06:55:00.766319,289,-3234.0000000000073,-3353.4827999999998,-3234.0000000000073,-3231
2021-07-15 06:55:01.769069,290,-3234.0000000000073,-3352.2714,-3234.0000000000073,-3230
2021-07-15 06:55:02.766208,291,-3234.0000000000073,-3352.0391999999997,-3234.0000000000073,-3231
2021-07-15 06:55:03.767611,292,-3232.958170234945,-3353.4827999999998,-3234.0000000000073,-3229
2021-07-15 06:55:04.764216,293,-3225.758188598736,-3353.4827999999998,-3234.0000000000073,-3231
2021-07-15 06:55:05.767212,294,-3229.9012417596837,-3353.4827999999998,-3234.0000000000073,-3231
2021-07-15 06:55:06.767404,295,-3224.4989158974213,-3353.7151,-3234.0000000000073,-3231
2021-07-15 06:55:07.766918,296,-3217.5277581367145,-3353.2505,-3234.0000000000073,-3231
2021-07-15 06:55:08.789726,297,-3223.55063952918,-3353.0182,-3234.0000000000073,-3231
2021-07-15 06:55:09.768988,298,-3233.079052898075,-3352.5536,-3234.0000000000073,-3231
2021-07-15 06:55:10.777807,299,-3233.5431200420194,-3352.3212999999996,-3234.0000000000073,-3230
2021-07-15 06:55:11.767318,300,-3220.7609865151258,-3353.7644,-3234.0000000000073,-3231
2021-07-15 06:55:12.776968,301,-3225.9036536728204,-3353.9968000000003,-3234.0000000000073,-3229
2021-07-15 06:55:13.766381,302,-3234.0000000000073,-3354.2291999999998,-3234.0000000000073,-3231
2021-07-15 06:55:14.767271,303,-3234.0000000000073,-3352.7859,-3234.0000000000073,-3229
2021-07-15 06:55:15.770183,304,-3234.0000000000073,-3353.0182,-3234.0000000000073,-3230
2021-07-15 06:55:16.768512,305,-3234.0000000000073,-3354.4616,-3234.0000000000073,-3231
2021-07-15 06:55:17.769011,306,-3234.0000000000073,-3353.0182,-3234.0000000000073,-3231
2021-07-15 06:55:18.770014,307,-3234.0000000000073,-3352.5536,-3234.0000000000073,-3231
2021-07-15 06:55:19.763983,308,-3228.2626231750855,-3352.7859,-3234.0000000000073,-3230
2021-07-15 06:55:20.778276,309,-3227.2237050737717,-3352.5536,-3234.0000000000073,-3231
2021-07-15 06:55:21.766373,310,-3234.0000000000073,-3352.5536,-3234.0000000000073,-3230
2021-07-15 06:55:22.770711,311,-3234.0000000000073,-3352.3212999999996,-3234.0000000000073,-3231
2021-07-15 06:55:23.767259,312,-3221.1212785112825,-3352.3212999999996,-3234.0000000000073,-3230
2021-07-15 06:55:24.767055,313,-3227.36314469407,-3352.3212999999996,-3234.0000000000073,-3231
2021-07-15 06:55:25.766963,314,-3228.351067434005,-3352.3212999999996,-3234.0000000000073,-3230
2021-07-15 06:55:26.765568,315,-3225.3334313171267,-3354.4616,-3234.0000000000073,-3230
2021-07-15 06:55:27.766246,316,-3227.4243868102685,-3352.5536,-3234.0000000000073,-3230
2021-07-15 06:55:28.778546,317,-3232.166186849393,-3354.2291999999998,-3234.0000000000073,-3230
2021-07-15 06:55:29.767446,318,-3234.0000000000073,-3352.7859,-3234.0000000000073,-3229
2021-07-15 06:55:30.777540,319,-3234.0000000000073,-3352.3212999999996,-3234.0000000000073,-3230
2021-07-15 06:55:31.765874,320,-3229.9444126424373,-3352.089,-3234.0000000000073,-3230
2021-07-15 06:55:32.767223,321,-3229.1831893481094,-3352.089,-3234.0000000000073,-3230
2021-07-15 06:55:33.767326,322,-3224.317054679526,-3351.8567000000003,-3234.0000000000073,-3230
2021-07-15 06:55:34.779098,323,-3219.606141734969,-3353.0671999999995,-3234.0000000000073,-3230
2021-07-15 06:55:35.768112,324,-3234.0000000000073,-3353.0671999999995,-3234.0000000000073,-3230
2021-07-15 06:55:36.766082,325,-3234.0000000000073,-3351.6243999999997,-3234.0000000000073,-3230
2021-07-15 06:55:37.768048,326,-3234.0000000000073,-3351.6243999999997,-3234.0000000000073,-3230
2021-07-15 06:55:38.765658,327,-3234.0000000000073,-3351.3921,-3234.0000000000073,-3230
2021-07-15 06:55:39.766387,328,-3234.0000000000073,-3352.8348,-3234.0000000000073,-3230
2021-07-15 06:55:40.777884,329,-3234.0000000000073,-3352.8348,-3234.0000000000073,-3230
2021-07-15 06:55:41.767529,330,-3234.0000000000073,-3352.8348,-3234.0000000000073,-3230
2021-07-15 06:55:42.777416,331,-3234.0000000000073,-3353.8125,-3234.0000000000073,-3230
2021-07-15 06:55:43.767566,332,-3234.0000000000073,-3353.58,-3234.0000000000073,-3230
2021-07-15 06:55:44.779863,333,-3234.0000000000073,-3353.8125,-3234.0000000000073,-3231
2021-07-15 06:55:45.768340,334,-3223.34184189097,-3353.3475,-3237.300000000007,-3234
2021-07-15 06:55:46.768936,335,-3225.164419316493,-3353.8125,-3237.300000000007,-3233
2021-07-15 06:55:47.768569,336,-3231.5359020016554,-3354.045,-3237.300000000007,-3234
2021-07-15 06:55:48.768959,337,-3228.5883122104133,-3354.045,-3237.300000000007,-3234
2021-07-15 06:55:49.768660,338,-3216.9633732301036,-3352.6023999999998,-3237.300000000007,-3234
2021-07-15 06:55:50.778223,339,-3220.754244480006,-3352.6023999999998,-3237.300000000007,-3234
2021-07-15 06:55:51.766171,340,-3219.42237497672,-3354.2775,-3237.300000000007,-3234
2021-07-15 06:55:52.763961,341,-3213.352126311681,-3352.6023999999998,-3237.300000000007,-3234
2021-07-15 06:55:53.766850,342,-3237.300000000007,-3352.1376,-3237.300000000007,-3235
2021-07-15 06:55:54.766223,343,-3237.300000000007,-3352.37,-3237.300000000007,-3234
2021-07-15 06:55:55.766366,344,-3237.300000000007,-3351.9051999999997,-3237.300000000007,-3234
2021-07-15 06:55:56.779698,345,-3237.300000000007,-3354.7898,-3237.300000000007,-734
2021-07-15 06:55:57.770459,346,-876.5340468068142,-3391.1436,-3237.300000000007,-30
2021-07-15 07:01:58.766678,347,-3237.300000000007,-3306.024,-3237.300000000007,-1208
2021-07-15 07:01:59.769696,348,-3222.2462101693563,-3345.0045,-3237.300000000007,-1488
2021-07-15 07:02:00.768578,349,-3237.300000000007,-3351.5517,-3237.300000000007,-1498
2021-07-15 07:02:01.766682,350,-3237.300000000007,-3352.6218000000003,-3237.300000000007,-1498
2021-07-15 07:02:02.767389,351,-3237.300000000007,-3353.2017,-3237.300000000007,-1499
2021-07-15 07:02:03.768636,352,-3237.300000000007,-3353.292,-3237.300000000007,-1499
2021-07-15 07:02:04.767060,353,-3237.300000000007,-3353.3811,-3237.300000000007,-1499
2021-07-15 07:02:05.769047,354,-3237.300000000007,-3354.8445,-3237.300000000007,-1500
2021-07-15 07:02:06.766993,355,-3237.300000000007,-3354.4442000000004,-3237.300000000007,-1500
2021-07-15 07:02:07.768102,356,-3237.300000000007,-3354.2868000000003,-3237.300000000007,-1499
2021-07-15 07:02:08.766246,357,-3237.300000000007,-3353.6412,-3237.300000000007,-1499
2021-07-15 07:02:09.767438,358,-3237.300000000007,-3354.8592000000003,-3237.300000000007,-1500
2021-07-15 07:02:10.768811,359,-3237.300000000007,-3354.2125,-3237.300000000007,-1499
2021-07-15 07:02:11.767564,360,-3237.300000000007,-3352.835,-3237.300000000007,-1499
2021-07-15 07:02:12.766450,361,-3237.300000000007,-3353.1606,-3237.300000000007,-1500
2021-07-15 07:02:13.768186,362,-3237.300000000007,-3352.7551999999996,-3237.300000000007,-1500
2021-07-15 07:02:14.769239,363,-3237.300000000007,-3353.728,-3237.300000000007,-1500
2021-07-15 07:02:15.768232,364,-3237.300000000007,-3353.0782999999997,-3237.300000000007,-2292
2021-07-15 07:02:16.768060,365,-3098.5261051848747,-3332.2951999999996,-3237.300000000007,-3195
2021-07-15 07:02:17.768146,366,-3237.300000000007,-3352.692,-3237.300000000007,-3231
2021-07-15 07:02:18.779421,367,-3237.300000000007,-3351.5867,-3237.300000000007,-3233
2021-07-15 07:02:19.767741,368,-3237.300000000007,-3352.33,-3237.300000000007,-3233
2021-07-15 07:02:20.767634,369,-3237.300000000007,-3353.0715,-3237.300000000007,-3232
2021-07-15 07:02:21.767211,370,-3237.300000000007,-3353.3343999999997,-3237.300000000007,-3233
2021-07-15 07:02:22.779128,371,-3237.300000000007,-3353.3576000000003,-3237.300000000007,-3233
2021-07-15 07:02:23.767871,372,-3237.300000000007,-3354.7873999999997,-3237.300000000007,-3232
2021-07-15 07:02:24.769279,373,-3237.300000000007,-3353.4004000000004,-3237.300000000007,-3233
2021-07-15 07:02:25.768461,374,-3237.300000000007,-3353.658,-3237.300000000007,-3232
2021-07-15 07:02:26.770795,375,-3237.300000000007,-3353.2005,-3237.300000000007,-3233
2021-07-15 07:02:27.768605,376,-3237.300000000007,-3352.0454,-3237.300000000007,-3232
2021-07-15 07:02:28.766970,377,-3237.300000000007,-3352.7585,-3237.300000000007,-3232
2021-07-15 07:02:29.767799,378,-3237.300000000007,-3352.2984000000006,-3237.300000000007,-3233
2021-07-15 07:02:30.764299,379,-3237.300000000007,-3352.075,-3237.300000000007,-3232
2021-07-15 07:02:31.767959,380,-3237.300000000007,-3353.2625,-3237.300000000007,-3234
2021-07-15 07:02:32.767390,381,-3237.300000000007,-3353.5124,-3237.300000000007,-3245
2021-07-15 07:02:33.768364,382,-3237.300000000007,-3354.462,-3237.300000000007,-3245
2021-07-15 07:02:34.765931,383,-3237.300000000007,-3352.5848,-3237.300000000007,-3245
2021-07-15 07:02:35.768692,384,-3237.300000000007,-3353.5336,-3237.300000000007,-3246
2021-07-15 07:02:36.764617,385,-3237.300000000007,-3352.1198,-3237.300000000007,-3245
2021-07-15 07:02:37.767877,386,-3237.300000000007,-3353.7795,-3237.300000000007,-3246
2021-07-15 07:02:38.765296,387,-3237.300000000007,-3353.313,-3237.300000000007,-3246
2021-07-15 07:02:39.766323,388,-3237.300000000007,-3352.6088000000004,-3237.300000000007,-3246
2021-07-15 07:02:40.767662,389,-3237.300000000007,-3352.1407999999997,-3237.300000000007,-3245
2021-07-15 07:02:41.767241,390,-3237.300000000007,-3352.8512,-3237.300000000007,-3246
2021-07-15 07:02:42.771525,391,-3237.300000000007,-3352.1454,-3237.300000000007,-3245
2021-07-15 07:02:43.768215,392,-3237.300000000007,-3352.8555,-3237.300000000007,-3245
2021-07-15 07:02:44.772926,393,-3237.300000000007,-3353.8023000000003,-3237.300000000007,-3246
2021-07-15 07:02:45.769015,394,-3237.300000000007,-3354.5124,-3237.300000000007,-3245
2021-07-15 07:02:46.764017,395,-3237.300000000007,-3353.5684000000006,-3237.300000000007,-3246
2021-07-15 07:02:47.769422,396,-3237.300000000007,-3354.2782,-3237.300000000007,-3246
2021-07-15 07:02:48.766743,397,-3237.300000000007,-3351.9156000000003,-3237.300000000007,-3284
2021-07-15 07:02:49.766926,398,-3227.960567814094,-3350.4977000000003,-3237.300000000007,-3296
2021-07-15 07:02:50.776972,399,-3237.300000000007,-3353.097,-3237.300000000007,-3295
2021-07-15 07:02:51.769417,400,-3237.300000000007,-3354.0422000000003,-3237.300000000007,-3295
2021-07-15 07:02:52.764545,401,-3237.300000000007,-3352.6228,-3237.300000000007,-3295
2021-07-15 07:02:53.767793,402,-3237.300000000007,-3353.8038,-3237.300000000007,-3294
2021-07-15 07:02:54.764128,403,-3237.300000000007,-3353.3282999999997,-3237.300000000007,-3295
2021-07-15 07:02:55.767256,404,-3237.300000000007,-3352.38,-3237.300000000007,-3295
2021-07-15 07:02:56.771312,405,-3237.300000000007,-3353.088,-3237.300000000007,-3281
2021-07-15 07:02:57.769916,406,-3237.300000000007,-3353.324,-3237.300000000007,-3265
2021-07-15 07:02:58.767256,407,-3227.2407672324057,-3353.324,-3237.300000000007,-3249
2021-07-15 07:02:59.771304,408,-3237.300000000007,-3353.324,-3237.300000000007,-3232
2021-07-15 07:03:00.764988,409,-3226.8653409666,-3353.088,-3237.300000000007,-3216
2021-07-15 07:03:01.768676,410,-3237.300000000007,-3353.088,-3237.300000000007,-3200
2021-07-15 07:03:02.776958,411,-3237.300000000007,-3354.7449000000006,-3237.300000000007,-3186
2021-07-15 07:03:03.773547,412,-3237.300000000007,-3353.324,-3237.300000000007,-3186
2021-07-15 07:03:04.769186,413,-3237.300000000007,-3351.9031,-3237.300000000007,-3190
2021-07-15 07:03:05.769445,414,-3237.300000000007,-3352.8466999999996,-3237.300000000007,-3194
2021-07-15 07:03:06.764779,415,-3237.300000000007,-3352.1328,-3237.300000000007,-3196
2021-07-15 07:03:07.769548,416,-3237.300000000007,-3352.6043999999997,-3237.300000000007,-3199
2021-07-15 07:03:08.765866,417,-3237.300000000007,-3353.076,-3237.300000000007,-3202
2021-07-15 07:03:09.769324,418,-3237.300000000007,-3353.3118,-3237.300000000007,-3207
2021-07-15 07:03:10.765453,419,-3237.300000000007,-3353.7834,-3237.300000000007,-3210
2021-07-15 07:03:11.769915,420,-3237.300000000007,-3353.7834,-3237.300000000007,-3213
2021-07-15 07:03:12.770105,421,-3237.300000000007,-3354.9624,-3237.300000000007,-3215
2021-07-15 07:03:13.771742,422,-3237.300000000007,-3353.5396,-3237.300000000007,-3219
2021-07-15 07:03:14.781050,423,-3237.300000000007,-3354.4824,-3237.300000000007,-3223
2021-07-15 07:03:15.767239,424,-3228.720000000008,-3353.5304000000006,-3228.720000000008,-3224
2021-07-15 07:03:16.777816,425,-3228.720000000008,-3354.0015999999996,-3228.720000000008,-3226
2021-07-15 07:03:17.767080,426,-3228.720000000008,-3354.4728,-3228.720000000008,-3226
2021-07-15 07:03:18.780152,427,-3228.720000000008,-3353.2845,-3228.720000000008,-3225
2021-07-15 07:03:19.766665,428,-3228.720000000008,-3353.52,-3228.720000000008,-3226
2021-07-15 07:03:20.770614,429,-3228.720000000008,-3353.991,-3228.720000000008,-3226
2021-07-15 07:03:21.770533,430,-3228.720000000008,-3353.273,-3228.720000000008,-3229
2021-07-15 07:03:22.764200,431,-3228.720000000008,-3352.5544,-3228.720000000008,-3232
2021-07-15 07:03:23.768523,432,-3238.9500000000066,-3352.7897000000003,-3238.9500000000066,-3235
2021-07-15 07:03:24.765185,433,-3238.9500000000066,-3353.025,-3238.9500000000066,-3235
2021-07-15 07:03:25.770711,434,-3238.9500000000066,-3353.4956,-3238.9500000000066,-3235
2021-07-15 07:03:26.766609,435,-3238.9500000000066,-3352.3056,-3238.9500000000066,-3235
2021-07-15 07:03:27.766676,436,-3238.9500000000066,-3353.0112,-3238.9500000000066,-3236
2021-07-15 07:03:28.781055,437,-3238.9500000000066,-3353.2464,-3238.9500000000066,-3235
2021-07-15 07:03:29.768160,438,-3238.9500000000066,-3352.2909000000004,-3238.9500000000066,-3236
2021-07-15 07:03:30.764760,439,-3238.9500000000066,-3352.7610999999997,-3238.9500000000066,-3235
2021-07-15 07:03:31.768061,440,-3238.9500000000066,-3353.2313,-3238.9500000000066,-3235
2021-07-15 07:03:32.764434,441,-3238.9500000000066,-3352.04,-3238.9500000000066,-3236
2021-07-15 07:03:33.767859,442,-3238.9500000000066,-3352.51,-3238.9500000000066,-3235
2021-07-15 07:03:34.765371,443,-3238.9500000000066,-3352.745,-3238.9500000000066,-3236
2021-07-15 07:03:35.771817,444,-3238.9500000000066,-3351.7881,-3238.9500000000066,-3240
2021-07-15 07:03:36.764047,445,-3238.9500000000066,-3352.2579,-3238.9500000000066,-3242
2021-07-15 07:03:37.769363,446,-3244.6061358809393,-3352.7277,-3249.1800000000057,-3245
2021-07-15 07:03:38.781234,447,-3244.215997347734,-3352.9626000000003,-3249.1800000000057,-3246
2021-07-15 07:03:39.768684,448,-3245.350541669857,-3353.1975,-3249.1800000000057,-3246
2021-07-15 07:03:40.764358,449,-3248.558597789963,-3353.9021999999995,-3249.1800000000057,-3245
2021-07-15 07:03:41.768284,450,-3249.1800000000057,-3352.944,-3249.1800000000057,-3245
2021-07-15 07:03:42.764457,451,-3249.1800000000057,-3352.944,-3249.1800000000057,-3245
2021-07-15 07:03:43.768957,452,-3242.992887800215,-3353.4136000000003,-3249.1800000000057,-3245
2021-07-15 07:03:44.765845,453,-3240.327731975054,-3354.118,-3249.1800000000057,-3246
2021-07-15 07:03:45.768004,454,-3249.1800000000057,-3354.118,-3249.1800000000057,-3245
2021-07-15 07:03:46.764189,455,-3249.1800000000057,-3353.1589,-3249.1800000000057,-3246
2021-07-15 07:03:47.767899,456,-3243.4373267599303,-3353.3936,-3252.8100000000054,-3249
2021-07-15 07:03:48.764217,457,-3237.6833897524825,-3353.863,-3252.8100000000054,-3249
2021-07-15 07:03:49.768951,458,-3237.3614403672264,-3352.434,-3252.8100000000054,-3250
2021-07-15 07:03:50.780905,459,-3241.4120587443063,-3353.3724,-3252.8100000000054,-3249
2021-07-15 07:03:51.769342,460,-3248.399005818394,-3353.3724,-3252.8100000000054,-3250
2021-07-15 07:03:52.765652,461,-3248.399005818394,-3353.3724,-3252.8100000000054,-3249
2021-07-15 07:03:53.767819,462,-3244.404351016148,-3353.8415999999997,-3252.8100000000054,-3249
2021-07-15 07:03:54.782252,463,-3243.349809881536,-3354.0762,-3252.8100000000054,-3249
2021-07-15 07:03:55.768621,464,-3251.636105800095,-3352.881,-3252.8100000000054,-3249
2021-07-15 07:03:56.782326,465,-3252.8100000000054,-3353.1155,-3252.8100000000054,-3249
2021-07-15 07:03:57.768067,466,-3250.3353156137555,-3353.1155,-3252.8100000000054,-3249
2021-07-15 07:03:58.765359,467,-3242.3047016071096,-3352.1544,-3252.8100000000054,-3248
2021-07-15 07:03:59.767223,468,-3245.5774677142776,-3352.6231999999995,-3252.8100000000054,-3249
2021-07-15 07:04:00.780046,469,-3245.5774677142776,-3352.6231999999995,-3252.8100000000054,-3249
2021-07-15 07:04:01.767572,470,-3243.496944437768,-3352.8576000000003,-3252.8100000000054,-3249
2021-07-15 07:04:02.764270,471,-3248.3430160994417,-3353.3264,-3252.8100000000054,-3249
2021-07-15 07:04:03.769376,472,-3250.8135048423605,-3353.5608,-3252.8100000000054,-3249
2021-07-15 07:04:04.764218,473,-3243.8455241988972,-3352.3644,-3252.8100000000054,-3249
2021-07-15 07:04:05.767827,474,-3227.0873186099825,-3354.0296000000003,-3252.8100000000054,-3249
2021-07-15 07:04:06.764243,475,-3230.918483489061,-3352.833,-3252.8100000000054,-3249
2021-07-15 07:04:07.769656,476,-3252.8100000000054,-3352.833,-3252.8100000000054,-3248
2021-07-15 07:04:08.771658,477,-3252.8100000000054,-3351.8704,-3252.8100000000054,-3249
2021-07-15 07:04:09.767384,478,-3241.597410707614,-3353.5359,-3252.8100000000054,-3248
2021-07-15 07:04:10.775149,479,-3235.3894063801636,-3352.3388000000004,-3252.8100000000054,-3249
2021-07-15 07:04:11.766800,480,-3252.8100000000054,-3352.3388000000004,-3252.8100000000054,-3249
2021-07-15 07:04:12.765568,481,-3252.8100000000054,-3352.573,-3252.8100000000054,-3248
2021-07-15 07:04:13.767491,482,-3252.168200899366,-3352.8071999999997,-3252.8100000000054,-3249
2021-07-15 07:04:14.766503,483,-3252.8100000000054,-3351.6097,-3252.8100000000054,-3249
2021-07-15 07:04:15.767330,484,-3234.8187323771062,-3353.2756,-3252.8100000000054,-3249
2021-07-15 07:04:16.765744,485,-3230.553632805444,-3352.0779,-3252.8100000000054,-3249
2021-07-15 07:04:17.768345,486,-3227.08436863784,-3352.312,-3252.8100000000054,-3249
2021-07-15 07:04:18.778645,487,-3231.52949515946,-3352.312,-3252.8100000000054,-3248
2021-07-15 07:04:19.764640,488,-3250.4950808748645,-3352.5460999999996,-3252.8100000000054,-3249
2021-07-15 07:04:20.764422,489,-3246.837727373716,-3353.0143,-3252.8100000000054,-3248
2021-07-15 07:04:21.766978,490,-3230.3014201364826,-3353.2484000000004,-3252.8100000000054,-3248
2021-07-15 07:04:22.766996,491,-3223.3926850241205,-3351.816,-3252.8100000000054,-3249
2021-07-15 07:04:23.767558,492,-3248.5658706340064,-3352.05,-3252.8100000000054,-3248
2021-07-15 07:04:24.769598,493,-3252.8100000000054,-3352.284,-3252.8100000000054,-3249
2021-07-15 07:04:25.766272,494,-3249.412319726501,-3352.518,-3252.8100000000054,-3249
2021-07-15 07:04:26.767994,495,-3252.8100000000054,-3352.518,-3252.8100000000054,-3249
2021-07-15 07:04:27.767154,496,-3231.132913396656,-3352.752,-3252.8100000000054,-3249
2021-07-15 07:04:28.778918,497,-3224.4331480766637,-3352.986,-3252.8100000000054,-3249
2021-07-15 07:04:29.768177,498,-3234.7235451441657,-3353.22,-3252.8100000000054,-3248
2021-07-15 07:04:30.764454,499,-3238.388627786041,-3353.22,-3252.8100000000054,-3249
2021-07-15 07:04:31.768448,500,-3238.37975638401,-3353.454,-3252.8100000000054,-3249
2021-07-15 07:04:32.768646,501,-3234.1743364460026,-3353.688,-3252.8100000000054,-3249
2021-07-15 07:04:33.768654,502,-3237.1247464853736,-3353.922,-3252.8100000000054,-3248
2021-07-15 07:04:34.767308,503,-3237.1247464853736,-3353.922,-3252.8100000000054,-3249
2021-07-15 07:04:35.768406,504,-3249.167580962897,-3352.7226,-3252.8100000000054,-3249
2021-07-15 07:04:36.766329,505,-3252.8100000000054,-3352.9565,-3252.8100000000054,-3248
2021-07-15 07:04:37.765674,506,-3235.243255278931,-3352.9565,-3252.8100000000054,-3249
2021-07-15 07:04:38.767379,507,-3234.0583566197324,-3353.1904,-3252.8100000000054,-3249
2021-07-15 07:04:39.767704,508,-3230.272635788734,-3353.1904,-3252.8100000000054,-3249
2021-07-15 07:04:40.769008,509,-3232.924995827184,-3353.1904,-3252.8100000000054,-3248
2021-07-15 07:04:41.764609,510,-3244.5466487391977,-3353.1904,-3252.8100000000054,-3248
2021-07-15 07:04:42.777296,511,-3244.9747684647987,-3353.8921,-3252.8100000000054,-3248
2021-07-15 07:04:43.769461,512,-3222.8055077784243,-3353.6582,-3252.8100000000054,-3249
2021-07-15 07:04:44.766864,513,-3224.0164761471055,-3353.8921,-3252.8100000000054,-3249
2021-07-15 07:04:45.768130,514,-3242.0285643417756,-3353.8921,-3252.8100000000054,-3249
2021-07-15 07:04:46.766886,515,-3240.139864885443,-3354.126,-3252.8100000000054,-3249
2021-07-15 07:04:47.767581,516,-3243.64931786784,-3352.692,-3252.8100000000054,-3249
2021-07-15 07:04:48.764994,517,-3242.94289146924,-3354.3599,-3252.8100000000054,-3248
2021-07-15 07:04:49.766150,518,-3246.880151074362,-3354.5938,-3252.8100000000054,-3248
2021-07-15 07:04:50.765944,519,-3244.588334434839,-3354.8277,-3252.8100000000054,-3249
2021-07-15 07:04:51.769403,520,-3228.9735521834273,-3354.8277,-3252.8100000000054,-3249
2021-07-15 07:04:52.769305,521,-3232.9523811858567,-3355.0616,-3252.8100000000054,-3249
2021-07-15 07:04:53.769573,522,-3249.6435663214634,-3353.861,-3252.8100000000054,-3249
2021-07-15 07:04:54.768636,523,-3252.3989010669657,-3353.861,-3252.8100000000054,-3249
2021-07-15 07:04:55.767056,524,-3229.3315370666855,-3353.861,-3252.8100000000054,-3248
2021-07-15 07:04:56.767302,525,-3232.011512346671,-3355.7633,-3252.8100000000054,-3249
2021-07-15 07:04:57.768805,526,-3228.461072614792,-3354.3286000000003,-3252.8100000000054,-3249
2021-07-15 07:04:58.770447,527,-3232.012652116198,-3354.3286000000003,-3252.8100000000054,-3248
2021-07-15 07:04:59.768626,528,-3243.0726955277996,-3354.3286000000003,-3252.8100000000054,-3250
2021-07-15 07:05:00.764535,529,-3237.25445407695,-3354.5624,-3252.8100000000054,-3249
2021-07-15 07:05:01.769612,530,-3236.3933773173076,-3354.5624,-3252.8100000000054,-3249
2021-07-15 07:05:02.771678,531,-3238.048864484326,-3353.3613000000005,-3252.8100000000054,-3249
2021-07-15 07:05:03.773625,532,-3222.7984295852234,-3353.3613000000005,-3252.8100000000054,-3249
2021-07-15 07:05:04.773130,533,-3230.1650068125564,-3353.3613000000005,-3252.8100000000054,-3248
2021-07-15 07:05:05.768194,534,-3252.8100000000054,-3353.3613000000005,-3252.8100000000054,-3249
2021-07-15 07:05:06.765991,535,-3252.8100000000054,-3353.595,-3252.8100000000054,-3248
2021-07-15 07:05:07.767648,536,-3235.870933971914,-3353.8286999999996,-3252.8100000000054,-3249
2021-07-15 07:05:08.764403,537,-3232.3965544929783,-3353.595,-3252.8100000000054,-3249
2021-07-15 07:05:09.769055,538,-3214.7639380151873,-3353.595,-3252.8100000000054,-3249
2021-07-15 07:05:10.768160,539,-3221.7067219150476,-3353.8286999999996,-3252.8100000000054,-3249
2021-07-15 07:05:11.767259,540,-3252.8100000000054,-3353.8286999999996,-3252.8100000000054,-3249
2021-07-15 07:05:12.780581,541,-3252.8100000000054,-3353.8286999999996,-3252.8100000000054,-3248
2021-07-15 07:05:13.767585,542,-3252.8100000000054,-3353.8286999999996,-3252.8100000000054,-3249
2021-07-15 07:05:14.767996,543,-3250.9859414010157,-3352.16,-3252.8100000000054,-3249
2021-07-15 07:05:15.766841,544,-3252.8100000000054,-3352.8608,-3252.8100000000054,-3249
2021-07-15 07:05:16.780086,545,-3250.394491025486,-3352.6272000000004,-3252.8100000000054,-3249
2021-07-15 07:05:17.766945,546,-3236.8611770563716,-3353.328,-3252.8100000000054,-3249
2021-07-15 07:05:18.765901,547,-3231.644554034148,-3353.0944000000004,-3252.8100000000054,-3249
2021-07-15 07:05:19.765309,548,-3220.6734113261587,-3353.328,-3252.8100000000054,-3249
2021-07-15 07:05:20.764676,549,-3223.5212048440394,-3353.328,-3252.8100000000054,-3249
2021-07-15 07:05:21.768714,550,-3237.75196791101,-3353.5615999999995,-3252.8100000000054,-3249
2021-07-15 07:05:22.764173,551,-3250.0653830777524,-3353.5615999999995,-3252.8100000000054,-3249
2021-07-15 07:05:23.767754,552,-3252.8100000000054,-3353.5615999999995,-3252.8100000000054,-3249
2021-07-15 07:05:24.764704,553,-3252.8100000000054,-3352.3595,-3252.8100000000054,-3248
2021-07-15 07:05:25.768876,554,-3251.509103281314,-3352.126,-3252.8100000000054,-3249
2021-07-15 07:05:26.766374,555,-3252.307951635329,-3352.593,-3252.8100000000054,-3249
2021-07-15 07:05:27.768318,556,-3237.5874895343018,-3354.0287999999996,-3252.8100000000054,-3249
2021-07-15 07:05:28.772293,557,-3228.103275327144,-3352.593,-3252.8100000000054,-3249
2021-07-15 07:05:29.767437,558,-3247.456479509821,-3352.3595,-3252.8100000000054,-3248
2021-07-15 07:05:30.765054,559,-3235.203910724954,-3352.593,-3252.8100000000054,-3248
2021-07-15 07:05:31.767002,560,-3239.3109636609347,-3352.593,-3252.8100000000054,-3249
2021-07-15 07:05:32.766589,561,-3241.7055523577333,-3352.593,-3252.8100000000054,-3249
2021-07-15 07:05:33.766696,562,-3245.569889969183,-3354.0287999999996,-3252.8100000000054,-3249
2021-07-15 07:05:34.764247,563,-3252.8100000000054,-3354.0287999999996,-3252.8100000000054,-3248
2021-07-15 07:05:35.766628,564,-3252.8100000000054,-3353.5615999999995,-3252.8100000000054,-3250
2021-07-15 07:05:36.766262,565,-3252.8100000000054,-3353.7952,-3252.8100000000054,-3250
2021-07-15 07:05:37.768545,566,-3252.8100000000054,-3353.7952,-3252.8100000000054,-3249
2021-07-15 07:05:38.764383,567,-3248.5794134930848,-3353.7952,-3252.8100000000054,-3249
2021-07-15 07:05:39.766861,568,-3244.4225393311285,-3353.5615999999995,-3252.8100000000054,-3249
2021-07-15 07:05:40.764407,569,-3238.4899927777806,-3353.5615999999995,-3252.8100000000054,-3249
2021-07-15 07:05:41.766020,570,-3252.8100000000054,-3353.7952,-3252.8100000000054,-3250
2021-07-15 07:05:42.764340,571,-3252.8100000000054,-3353.328,-3252.8100000000054,-3249
2021-07-15 07:05:43.769510,572,-3238.329771370017,-3353.5615999999995,-3252.8100000000054,-3249
2021-07-15 07:05:44.764113,573,-3231.3202864581253,-3352.3595,-3252.8100000000054,-3249
2021-07-15 07:05:45.769427,574,-3227.0633352961313,-3352.126,-3252.8100000000054,-3249
2021-07-15 07:05:46.764716,575,-3226.108080864032,-3353.7952,-3252.8100000000054,-3249
2021-07-15 07:05:47.763778,576,-3235.339901188507,-3352.593,-3252.8100000000054,-3249
2021-07-15 07:05:48.766316,577,-3245.7584251367803,-3353.06,-3252.8100000000054,-3249
2021-07-15 07:05:49.767721,578,-3252.8100000000054,-3354.496,-3252.8100000000054,-3248
2021-07-15 07:05:50.764056,579,-3252.8100000000054,-3353.06,-3252.8100000000054,-3249
2021-07-15 07:05:51.766251,580,-3252.8100000000054,-3353.06,-3252.8100000000054,-1381
2021-07-15 07:05:52.772328,581,-890.7088729506447,-3385.3464,-3252.8100000000054,-55
