"Date, NumSims, NumFimsMsgs, Sim #, Winning Map, Winning Time, GoMap Time, Win-GoMap Diff, HashMap Time, Win-HashMap Diff, SyncMap Time, Win-SyncMap Diff"
2023-01-20 20:19:18.435958396 +0000 UTC m=+31.797151398,200,3000,0,hashMap,1.317089096s,1.330126073s,1.01,1.317089096s,1.00,1.433923075s,1.09
2023-01-20 20:19:22.680442159 +0000 UTC m=+36.041635162,200,3000,1,syncMap,1.383719421s,1.387691959s,1.00,1.465961602s,1.06,1.383719421s,1.00
2023-01-20 20:19:26.910758992 +0000 UTC m=+40.271951996,200,3000,2,syncMap,1.400243276s,1.408184163s,1.01,1.413840283s,1.01,1.400243276s,1.00
2023-01-20 20:19:30.896786445 +0000 UTC m=+44.257979447,200,3000,3,syncMap,1.257583783s,1.4285566s,1.14,1.292121227s,1.03,1.257583783s,1.00
2023-01-20 20:19:34.774998345 +0000 UTC m=+48.136022292,200,3000,4,goMap,1.193558792s,1.193558792s,1.00,1.273619234s,1.07,1.400563155s,1.17
2023-01-20 20:19:38.719422834 +0000 UTC m=+52.080446773,200,3000,5,hashMap,1.308338823s,1.309972439s,1.00,1.308338823s,1.00,1.317355363s,1.01
2023-01-20 20:19:42.530968095 +0000 UTC m=+55.891992036,200,3000,6,hashMap,1.2115559s,1.326949585s,1.10,1.2115559s,1.00,1.266299634s,1.05
2023-01-20 20:19:46.646214875 +0000 UTC m=+60.007238828,200,3000,7,goMap,1.293707655s,1.293707655s,1.00,1.473361198s,1.14,1.340346303s,1.04
2023-01-20 20:19:50.784768744 +0000 UTC m=+64.145792690,200,3000,8,goMap,1.349664216s,1.349664216s,1.00,1.370042312s,1.02,1.411173571s,1.05
2023-01-20 20:19:54.98552905 +0000 UTC m=+68.346552999,200,3000,9,hashMap,1.348849194s,1.379268821s,1.02,1.348849194s,1.00,1.464718377s,1.09
2023-01-20 20:20:00.369151764 +0000 UTC m=+73.730175708,200,3000,10,syncMap,1.641659363s,1.94044328s,1.18,1.780721059s,1.08,1.641659363s,1.00
2023-01-20 20:20:05.044908034 +0000 UTC m=+78.404157549,200,3000,11,syncMap,1.409305902s,1.646626544s,1.17,1.606965811s,1.14,1.409305902s,1.00
2023-01-20 20:20:11.542290727 +0000 UTC m=+84.901540244,200,3000,12,goMap,1.846862659s,1.846862659s,1.00,2.630122039s,1.42,2.009698724s,1.09
2023-01-20 20:20:16.979437165 +0000 UTC m=+90.338686674,200,3000,13,syncMap,1.544587433s,2.15911469s,1.40,1.720493956s,1.11,1.544587433s,1.00
2023-01-20 20:20:21.578780406 +0000 UTC m=+94.938029920,200,3000,14,hashMap,1.424867244s,1.501099663s,1.05,1.424867244s,1.00,1.664219376s,1.17
2023-01-20 20:20:26.520879739 +0000 UTC m=+99.880129285,200,3000,15,goMap,1.485860541s,1.485860541s,1.00,1.525324856s,1.03,1.918856141s,1.29
2023-01-20 20:20:31.589660831 +0000 UTC m=+104.948910354,200,3000,16,syncMap,1.568359789s,1.864298402s,1.19,1.624884094s,1.04,1.568359789s,1.00
2023-01-20 20:20:36.044293838 +0000 UTC m=+109.409833231,200,3000,17,hashMap,1.333384624s,1.693283665s,1.27,1.333384624s,1.00,1.425716339s,1.07
2023-01-20 20:20:42.815735337 +0000 UTC m=+116.181274736,200,3000,18,hashMap,2.203217453s,2.342286468s,1.06,2.203217453s,1.00,2.207751693s,1.00
2023-01-20 20:20:48.678995817 +0000 UTC m=+122.044535224,200,3000,19,hashMap,1.726929836s,1.751545624s,1.01,1.726929836s,1.00,2.372957071s,1.37
2023-01-20 20:20:54.277422609 +0000 UTC m=+127.642961999,200,3000,20,hashMap,1.496684176s,2.221832891s,1.48,1.496684176s,1.00,1.865577191s,1.25
2023-01-20 20:20:58.395830788 +0000 UTC m=+131.761370179,200,3000,21,hashMap,1.330025346s,1.407377485s,1.06,1.330025346s,1.00,1.372549947s,1.03
2023-01-20 20:21:02.567404061 +0000 UTC m=+135.932943456,200,3000,22,goMap,1.319035873s,1.319035873s,1.00,1.412059434s,1.07,1.432011481s,1.09
2023-01-20 20:21:06.397999274 +0000 UTC m=+139.758087968,200,3000,23,hashMap,1.243300271s,1.270716786s,1.02,1.243300271s,1.00,1.302858695s,1.05
2023-01-20 20:21:10.145607398 +0000 UTC m=+143.505696078,200,3000,24,goMap,1.188197186s,1.188197186s,1.00,1.203768814s,1.01,1.347024133s,1.13
2023-01-20 20:21:14.336534293 +0000 UTC m=+147.696622949,200,3000,25,goMap,1.32276574s,1.32276574s,1.00,1.411784161s,1.07,1.44869685s,1.10
2023-01-20 20:21:18.768202333 +0000 UTC m=+152.128291015,200,3000,26,syncMap,1.330643027s,1.722499847s,1.29,1.369793594s,1.03,1.330643027s,1.00
2023-01-20 20:21:23.863024094 +0000 UTC m=+157.223112749,200,3000,27,syncMap,1.259385s,1.376475271s,1.09,2.450135158s,1.95,1.259385s,1.00
2023-01-20 20:21:27.562595433 +0000 UTC m=+160.922684087,200,3000,28,hashMap,1.156151984s,1.264993581s,1.09,1.156151984s,1.00,1.27140419s,1.10
2023-01-20 20:21:31.541825169 +0000 UTC m=+164.901913823,200,3000,29,goMap,1.271215758s,1.271215758s,1.00,1.342637182s,1.06,1.358295402s,1.07
2023-01-20 20:21:35.382421663 +0000 UTC m=+168.744224623,200,3000,30,goMap,1.191865515s,1.191865515s,1.00,1.286481953s,1.08,1.353127232s,1.14
2023-01-20 20:21:39.589884863 +0000 UTC m=+172.951687818,200,3000,31,hashMap,1.207724091s,1.256843459s,1.04,1.207724091s,1.00,1.734849792s,1.44
2023-01-20 20:21:43.434452449 +0000 UTC m=+176.796255406,200,3000,32,hashMap,1.226384978s,1.374333359s,1.12,1.226384978s,1.00,1.237380979s,1.01
2023-01-20 20:21:47.433157437 +0000 UTC m=+180.794960393,200,3000,33,hashMap,1.267825687s,1.289794415s,1.02,1.267825687s,1.00,1.431451077s,1.13
2023-01-20 20:21:51.750714802 +0000 UTC m=+185.112517760,200,3000,34,hashMap,1.258014514s,1.37956215s,1.10,1.258014514s,1.00,1.665058573s,1.32
2023-01-20 20:21:58.167182478 +0000 UTC m=+191.528985431,200,3000,35,goMap,1.784649383s,1.784649383s,1.00,2.131344326s,1.19,2.491446887s,1.40
2023-01-20 20:22:03.397365634 +0000 UTC m=+196.758798671,200,3000,36,hashMap,1.406922252s,2.272734093s,1.62,1.406922252s,1.00,1.541511841s,1.10
2023-01-20 20:22:07.585235114 +0000 UTC m=+200.946668150,200,3000,37,hashMap,1.278781689s,1.364162943s,1.07,1.278781689s,1.00,1.537552778s,1.20
2023-01-20 20:22:11.6472125 +0000 UTC m=+205.008645537,200,3000,38,goMap,1.295599803s,1.295599803s,1.00,1.343275833s,1.04,1.416296215s,1.09
2023-01-20 20:22:16.578128644 +0000 UTC m=+209.939561681,200,3000,39,syncMap,1.607899271s,1.646266004s,1.02,1.667116647s,1.04,1.607899271s,1.00
2023-01-20 20:22:21.233105069 +0000 UTC m=+214.594538107,200,3000,40,goMap,1.48901419s,1.48901419s,1.00,1.525679861s,1.02,1.626163482s,1.09
2023-01-20 20:22:27.440279388 +0000 UTC m=+220.801712434,200,3000,41,goMap,1.532609798s,1.532609798s,1.00,2.118584372s,1.38,2.541681324s,1.66
2023-01-20 20:22:34.587545091 +0000 UTC m=+227.949336131,200,3000,42,syncMap,2.089341423s,2.831450039s,1.36,2.214994918s,1.06,2.089341423s,1.00
2023-01-20 20:22:40.14873859 +0000 UTC m=+233.510529624,200,3000,43,syncMap,1.570243531s,2.138583299s,1.36,1.843751793s,1.17,1.570243531s,1.00
2023-01-20 20:22:44.315185523 +0000 UTC m=+237.676976559,200,3000,44,goMap,1.380400807s,1.380400807s,1.00,1.384753186s,1.00,1.393682118s,1.01
2023-01-20 20:22:48.272899929 +0000 UTC m=+241.634690963,200,3000,45,hashMap,1.261951085s,1.319414991s,1.05,1.261951085s,1.00,1.367972842s,1.08
2023-01-20 20:22:52.679413629 +0000 UTC m=+246.041204674,200,3000,46,goMap,1.38196298s,1.38196298s,1.00,1.438770403s,1.04,1.576989282s,1.14
2023-01-20 20:22:57.738113699 +0000 UTC m=+251.099904732,200,3000,47,hashMap,1.503182004s,1.99609264s,1.33,1.503182004s,1.00,1.546809458s,1.03
2023-01-20 20:23:02.284337138 +0000 UTC m=+255.646128180,200,3000,48,hashMap,1.439502348s,1.521425004s,1.06,1.439502348s,1.00,1.572134687s,1.09
2023-01-20 20:23:06.72993388 +0000 UTC m=+260.091394110,200,3000,49,syncMap,1.445738046s,1.501956449s,1.04,1.487029691s,1.03,1.445738046s,1.00
2023-01-20 20:23:11.213819687 +0000 UTC m=+264.575279912,200,3000,50,syncMap,1.436302226s,1.474420591s,1.03,1.540053253s,1.07,1.436302226s,1.00
2023-01-20 20:23:16.685787824 +0000 UTC m=+270.047248061,200,3000,51,goMap,1.633606343s,1.633606343s,1.00,1.836935043s,1.12,1.993374217s,1.22
2023-01-20 20:23:21.040666723 +0000 UTC m=+274.402126949,200,3000,52,syncMap,1.426133703s,1.484946141s,1.04,1.436408908s,1.01,1.426133703s,1.00
2023-01-20 20:23:25.496802743 +0000 UTC m=+278.858262987,200,3000,53,hashMap,1.300814427s,1.40812577s,1.08,1.300814427s,1.00,1.737883633s,1.34
2023-01-20 20:23:30.266885143 +0000 UTC m=+283.628345370,200,3000,54,hashMap,1.313688275s,1.881345963s,1.43,1.313688275s,1.00,1.565854358s,1.19
2023-01-20 20:23:34.404703932 +0000 UTC m=+287.765887633,200,3000,55,hashMap,1.318962124s,1.408470805s,1.07,1.318962124s,1.00,1.402729324s,1.06
2023-01-20 20:23:38.672408273 +0000 UTC m=+292.033591976,200,3000,56,goMap,1.35455229s,1.35455229s,1.00,1.436670365s,1.06,1.469407218s,1.08
2023-01-20 20:23:42.703500337 +0000 UTC m=+296.064684040,200,3000,57,hashMap,1.30231404s,1.358006216s,1.04,1.30231404s,1.00,1.362144958s,1.05
2023-01-20 20:23:46.917711941 +0000 UTC m=+300.278895642,200,3000,58,hashMap,1.303499995s,1.436670728s,1.10,1.303499995s,1.00,1.465893905s,1.12
2023-01-20 20:23:51.230358052 +0000 UTC m=+304.591541753,200,3000,59,hashMap,1.353204149s,1.566543749s,1.16,1.353204149s,1.00,1.384570097s,1.02
2023-01-20 20:23:55.251684703 +0000 UTC m=+308.612868415,200,3000,60,hashMap,1.2338461s,1.334806457s,1.08,1.2338461s,1.00,1.425100926s,1.16
2023-01-20 20:24:00.045984763 +0000 UTC m=+313.407168465,200,3000,61,hashMap,1.357104933s,1.917059229s,1.41,1.357104933s,1.00,1.502816316s,1.11
2023-01-20 20:24:04.417493626 +0000 UTC m=+317.778410185,200,3000,62,hashMap,1.335174545s,1.549605187s,1.16,1.335174545s,1.00,1.477195098s,1.11
2023-01-20 20:24:08.577974149 +0000 UTC m=+321.938890707,200,3000,63,hashMap,1.298972578s,1.410300953s,1.09,1.298972578s,1.00,1.44430152s,1.11
2023-01-20 20:24:13.384979004 +0000 UTC m=+326.745895563,200,3000,64,hashMap,1.432786143s,1.533174113s,1.07,1.432786143s,1.00,1.834159898s,1.28
2023-01-20 20:24:18.272614084 +0000 UTC m=+331.633530653,200,3000,65,hashMap,1.588779645s,1.672131205s,1.05,1.588779645s,1.00,1.615895893s,1.02
2023-01-20 20:24:22.576575978 +0000 UTC m=+335.937492546,200,3000,66,hashMap,1.295481599s,1.507351273s,1.16,1.295481599s,1.00,1.492662575s,1.15
2023-01-20 20:24:27.561288562 +0000 UTC m=+340.922205133,200,3000,67,hashMap,1.324767726s,1.689446499s,1.28,1.324767726s,1.00,1.962319235s,1.48
2023-01-20 20:24:32.739342442 +0000 UTC m=+346.100259002,200,3000,68,hashMap,1.314254678s,2.304570041s,1.75,1.314254678s,1.00,1.549317523s,1.18
2023-01-20 20:24:36.78369634 +0000 UTC m=+350.145077966,200,3000,69,hashMap,1.269129233s,1.447651023s,1.14,1.269129233s,1.00,1.321037725s,1.04
2023-01-20 20:24:41.504202441 +0000 UTC m=+354.865584068,200,3000,70,hashMap,1.510755767s,1.609294702s,1.07,1.510755767s,1.00,1.588088254s,1.05
2023-01-20 20:24:46.203357151 +0000 UTC m=+359.564738781,200,3000,71,syncMap,1.520853148s,1.57478465s,1.04,1.595450022s,1.05,1.520853148s,1.00
2023-01-20 20:24:50.509524253 +0000 UTC m=+363.870905878,200,3000,72,goMap,1.381849026s,1.381849026s,1.00,1.47780148s,1.07,1.438242392s,1.04
2023-01-20 20:24:54.700283911 +0000 UTC m=+368.061665534,200,3000,73,hashMap,1.375061351s,1.413036779s,1.03,1.375061351s,1.00,1.395838662s,1.02
2023-01-20 20:24:59.527950638 +0000 UTC m=+372.889332272,200,3000,74,hashMap,1.361973369s,1.444245545s,1.06,1.361973369s,1.00,2.013042426s,1.48
2023-01-20 20:25:04.594510802 +0000 UTC m=+377.956124617,200,3000,75,syncMap,1.573113646s,1.736681156s,1.10,1.748584098s,1.11,1.573113646s,1.00
2023-01-20 20:25:08.94579441 +0000 UTC m=+382.307408223,200,3000,76,goMap,1.401327466s,1.401327466s,1.00,1.427901006s,1.02,1.514764326s,1.08
2023-01-20 20:25:13.851033634 +0000 UTC m=+387.212647457,200,3000,77,goMap,1.516369402s,1.516369402s,1.00,1.541614418s,1.02,1.838743076s,1.21
2023-01-20 20:25:19.345257416 +0000 UTC m=+392.706871248,200,3000,78,syncMap,1.550606874s,2.054077829s,1.32,1.873311503s,1.21,1.550606874s,1.00
2023-01-20 20:25:24.148783945 +0000 UTC m=+397.510397764,200,3000,79,hashMap,1.550165074s,1.660866286s,1.07,1.550165074s,1.00,1.585061612s,1.02
2023-01-20 20:25:28.934293539 +0000 UTC m=+402.295907353,200,3000,80,hashMap,1.480772237s,1.672607925s,1.13,1.480772237s,1.00,1.617734304s,1.09
2023-01-20 20:25:33.686930595 +0000 UTC m=+407.048195747,200,3000,81,hashMap,1.418113304s,1.77686247s,1.25,1.418113304s,1.00,1.545153944s,1.09
2023-01-20 20:25:38.561155841 +0000 UTC m=+411.922420984,200,3000,82,hashMap,1.578031133s,1.637765805s,1.04,1.578031133s,1.00,1.650308038s,1.05
2023-01-20 20:25:43.016601277 +0000 UTC m=+416.377866419,200,3000,83,syncMap,1.453366762s,1.511019695s,1.04,1.484380657s,1.02,1.453366762s,1.00
2023-01-20 20:25:47.395939439 +0000 UTC m=+420.757204584,200,3000,84,syncMap,1.380372813s,1.547735795s,1.12,1.443931594s,1.05,1.380372813s,1.00
2023-01-20 20:25:51.500238135 +0000 UTC m=+424.861503280,200,3000,85,hashMap,1.357235774s,1.382160346s,1.02,1.357235774s,1.00,1.357755362s,1.00
2023-01-20 20:25:55.556548321 +0000 UTC m=+428.917813465,200,3000,86,hashMap,1.298977751s,1.381262113s,1.06,1.298977751s,1.00,1.36853705s,1.05
2023-01-20 20:25:59.783947086 +0000 UTC m=+433.145212229,200,3000,87,hashMap,1.283477973s,1.388297282s,1.08,1.283477973s,1.00,1.548448332s,1.21
2023-01-20 20:26:04.551901806 +0000 UTC m=+437.913444140,200,3000,88,hashMap,1.436957586s,1.845161774s,1.28,1.436957586s,1.00,1.475635553s,1.03
2023-01-20 20:26:09.007205808 +0000 UTC m=+442.368748142,200,3000,89,hashMap,1.448514076s,1.537820585s,1.06,1.448514076s,1.00,1.460821078s,1.01
2023-01-20 20:26:13.843754286 +0000 UTC m=+447.205296594,200,3000,90,goMap,1.427983518s,1.427983518s,1.00,1.493556862s,1.05,1.895294812s,1.33
2023-01-20 20:26:18.542817862 +0000 UTC m=+451.904360170,200,3000,91,syncMap,1.42868731s,1.759862159s,1.23,1.499796799s,1.05,1.42868731s,1.00
2023-01-20 20:26:22.785224079 +0000 UTC m=+456.146766393,200,3000,92,hashMap,1.281549434s,1.440569946s,1.12,1.281549434s,1.00,1.512181909s,1.18
2023-01-20 20:26:27.06166728 +0000 UTC m=+460.423209588,200,3000,93,syncMap,1.373693364s,1.450575377s,1.06,1.442424929s,1.05,1.373693364s,1.00
2023-01-20 20:26:31.120128619 +0000 UTC m=+464.481670951,200,3000,94,hashMap,1.302774592s,1.39888656s,1.07,1.302774592s,1.00,1.34939857s,1.04
2023-01-20 20:26:35.248274652 +0000 UTC m=+468.609495181,200,3000,95,hashMap,1.30760712s,1.384176282s,1.06,1.30760712s,1.00,1.428770595s,1.09
2023-01-20 20:26:39.191870603 +0000 UTC m=+472.553091131,200,3000,96,hashMap,1.219808149s,1.331560409s,1.09,1.219808149s,1.00,1.38512592s,1.14
2023-01-20 20:26:43.580972913 +0000 UTC m=+476.942193439,200,3000,97,hashMap,1.405327263s,1.428073923s,1.02,1.405327263s,1.00,1.548721373s,1.10
2023-01-20 20:26:47.694398498 +0000 UTC m=+481.055619040,200,3000,98,hashMap,1.354605481s,1.354699103s,1.00,1.354605481s,1.00,1.396439633s,1.03
2023-01-20 20:26:51.753732458 +0000 UTC m=+485.114952985,200,3000,99,hashMap,1.303273127s,1.352558477s,1.04,1.303273127s,1.00,1.395678616s,1.07
2023-01-20 20:26:55.995894768 +0000 UTC m=+489.357115296,200,3000,100,hashMap,1.282717006s,1.322397638s,1.03,1.282717006s,1.00,1.62395768s,1.27
2023-01-20 20:27:00.49603852 +0000 UTC m=+493.857259060,200,3000,101,hashMap,1.309572347s,1.635465877s,1.25,1.309572347s,1.00,1.546770939s,1.18
2023-01-20 20:27:04.499416817 +0000 UTC m=+497.860968470,200,3000,102,hashMap,1.253844555s,1.435753807s,1.15,1.253844555s,1.00,1.305583449s,1.04
2023-01-20 20:27:08.628607501 +0000 UTC m=+501.990159145,200,3000,103,goMap,1.32126295s,1.32126295s,1.00,1.41630308s,1.07,1.383199191s,1.05
2023-01-20 20:27:12.733172375 +0000 UTC m=+506.094724020,200,3000,104,goMap,1.204475614s,1.204475614s,1.00,1.273572378s,1.06,1.61924733s,1.34
2023-01-20 20:27:17.331909237 +0000 UTC m=+510.693460895,200,3000,105,hashMap,1.381778204s,1.649640842s,1.19,1.381778204s,1.00,1.558933333s,1.13
2023-01-20 20:27:21.77401689 +0000 UTC m=+515.135568535,200,3000,106,hashMap,1.401128012s,1.613378144s,1.15,1.401128012s,1.00,1.418509094s,1.01
2023-01-20 20:27:26.172151209 +0000 UTC m=+519.533702854,200,3000,107,hashMap,1.318808345s,1.638152395s,1.24,1.318808345s,1.00,1.431514167s,1.09
2023-01-20 20:27:30.708801033 +0000 UTC m=+524.070352679,200,3000,108,goMap,1.443422149s,1.443422149s,1.00,1.573436844s,1.09,1.511837813s,1.05
2023-01-20 20:27:36.174258402 +0000 UTC m=+529.536041857,200,3000,109,hashMap,1.394392749s,1.443644482s,1.04,1.394392749s,1.00,2.617468087s,1.88
2023-01-20 20:27:42.07225322 +0000 UTC m=+535.434036656,200,3000,110,syncMap,1.624358323s,2.267348027s,1.40,1.989904987s,1.23,1.624358323s,1.00
2023-01-20 20:27:47.811322761 +0000 UTC m=+541.173106190,200,3000,111,hashMap,1.805274054s,2.067920288s,1.15,1.805274054s,1.00,1.856431344s,1.03
2023-01-20 20:27:53.371548408 +0000 UTC m=+546.733331836,200,3000,112,hashMap,1.714884064s,2.031271584s,1.18,1.714884064s,1.00,1.804146021s,1.05
2023-01-20 20:27:58.710037889 +0000 UTC m=+552.071821319,200,3000,113,hashMap,1.70086432s,1.734150241s,1.02,1.70086432s,1.00,1.894354901s,1.11
2023-01-20 20:28:04.138507203 +0000 UTC m=+557.499858640,200,3000,114,hashMap,1.784265942s,1.808788139s,1.01,1.784265942s,1.00,1.823289173s,1.02
2023-01-20 20:28:09.214589814 +0000 UTC m=+562.575941233,200,3000,115,hashMap,1.590517814s,1.830072955s,1.15,1.590517814s,1.00,1.64678172s,1.04
2023-01-20 20:28:14.477065538 +0000 UTC m=+567.838416948,200,3000,116,goMap,1.506662023s,1.506662023s,1.00,1.708862999s,1.13,2.036687252s,1.35
2023-01-20 20:28:25.225577976 +0000 UTC m=+578.586929381,200,3000,117,hashMap,3.15917865s,4.380955862s,1.39,3.15917865s,1.00,3.190641008s,1.01
2023-01-20 20:28:35.225554673 +0000 UTC m=+588.586381184,200,3000,118,goMap,2.910421865s,2.910421865s,1.00,3.829068155s,1.32,3.24896714s,1.12
2023-01-20 20:28:42.58910368 +0000 UTC m=+595.949930203,200,3000,119,syncMap,2.137481776s,2.991175721s,1.40,2.220315115s,1.04,2.137481776s,1.00
2023-01-20 20:28:48.119219072 +0000 UTC m=+601.480045574,200,3000,120,syncMap,1.547949073s,2.235180759s,1.44,1.72853149s,1.12,1.547949073s,1.00
2023-01-20 20:28:52.820040501 +0000 UTC m=+606.180867001,200,3000,121,hashMap,1.393835596s,1.535594021s,1.10,1.393835596s,1.00,1.761368133s,1.26
2023-01-20 20:28:58.367210408 +0000 UTC m=+611.728036908,200,3000,122,goMap,1.629110797s,1.629110797s,1.00,1.783645126s,1.09,2.124655239s,1.30
2023-01-20 20:29:03.874680416 +0000 UTC m=+617.236074893,200,3000,123,goMap,1.569206442s,1.569206442s,1.00,2.23564294s,1.42,1.693402351s,1.08
2023-01-20 20:29:08.910153889 +0000 UTC m=+622.271548371,200,3000,124,hashMap,1.526540782s,1.548310689s,1.01,1.526540782s,1.00,1.951796694s,1.28
2023-01-20 20:29:15.624077044 +0000 UTC m=+628.985471523,200,3000,125,goMap,2.019692095s,2.019692095s,1.00,2.178890036s,1.08,2.503515549s,1.24
2023-01-20 20:29:21.294977827 +0000 UTC m=+634.656372304,200,3000,126,syncMap,1.61967942s,1.837826367s,1.13,2.205311415s,1.36,1.61967942s,1.00
2023-01-20 20:29:26.621864847 +0000 UTC m=+639.983259323,200,3000,127,hashMap,1.611364646s,1.914522134s,1.19,1.611364646s,1.00,1.791701121s,1.11
2023-01-20 20:29:32.03582107 +0000 UTC m=+645.397215563,200,3000,128,goMap,1.530337176s,1.530337176s,1.00,1.785905584s,1.17,2.087820861s,1.36
2023-01-20 20:29:38.455945184 +0000 UTC m=+651.815977868,200,3000,129,hashMap,1.780230022s,2.60185779s,1.46,1.780230022s,1.00,2.02653149s,1.14
2023-01-20 20:29:44.234067325 +0000 UTC m=+657.594100016,200,3000,130,hashMap,1.514023929s,2.096316221s,1.38,1.514023929s,1.00,2.153103324s,1.42
2023-01-20 20:29:49.583609108 +0000 UTC m=+662.943641795,200,3000,131,hashMap,1.663443542s,1.974184394s,1.19,1.663443542s,1.00,1.702866418s,1.02
2023-01-20 20:29:54.129605946 +0000 UTC m=+667.489638632,200,3000,132,goMap,1.483948891s,1.483948891s,1.00,1.498792691s,1.01,1.553932771s,1.05
2023-01-20 20:29:58.761076463 +0000 UTC m=+672.121109162,200,3000,133,hashMap,1.408531626s,1.712690378s,1.22,1.408531626s,1.00,1.501569812s,1.07
2023-01-20 20:30:03.621912564 +0000 UTC m=+676.987032937,200,3000,134,goMap,1.550986482s,1.550986482s,1.00,1.559943358s,1.01,1.741174209s,1.12
2023-01-20 20:30:08.233647739 +0000 UTC m=+681.598768132,200,3000,135,hashMap,1.454368849s,1.566851172s,1.08,1.454368849s,1.00,1.577115773s,1.08
2023-01-20 20:30:12.844253958 +0000 UTC m=+686.209374322,200,3000,136,hashMap,1.430027951s,1.573389578s,1.10,1.430027951s,1.00,1.599817394s,1.12
2023-01-20 20:30:17.675207505 +0000 UTC m=+691.040327874,200,3000,137,syncMap,1.464158433s,1.651156366s,1.13,1.707540664s,1.17,1.464158433s,1.00
2023-01-20 20:30:22.103814126 +0000 UTC m=+695.468934499,200,3000,138,hashMap,1.340562539s,1.389996798s,1.04,1.340562539s,1.00,1.689760897s,1.26
2023-01-20 20:30:26.204201041 +0000 UTC m=+699.569321406,200,3000,139,hashMap,1.316633868s,1.329853406s,1.01,1.316633868s,1.00,1.445758899s,1.10
2023-01-20 20:30:30.600869128 +0000 UTC m=+703.965989493,200,3000,140,hashMap,1.36843213s,1.425191996s,1.04,1.36843213s,1.00,1.591194777s,1.16
2023-01-20 20:30:35.0009127 +0000 UTC m=+708.362262928,200,3000,141,hashMap,1.290077221s,1.441056545s,1.12,1.290077221s,1.00,1.656458551s,1.28
2023-01-20 20:30:39.67684117 +0000 UTC m=+713.038191382,200,3000,142,hashMap,1.400628692s,1.691685455s,1.21,1.400628692s,1.00,1.575034673s,1.12
2023-01-20 20:30:43.860583289 +0000 UTC m=+717.221933515,200,3000,143,goMap,1.280288914s,1.280288914s,1.00,1.455008525s,1.14,1.440701372s,1.13
2023-01-20 20:30:48.185173532 +0000 UTC m=+721.546523770,200,3000,144,goMap,1.377547666s,1.377547666s,1.00,1.427387846s,1.04,1.510345093s,1.10
2023-01-20 20:30:53.420323996 +0000 UTC m=+726.781674209,200,3000,145,hashMap,1.673094339s,1.681718692s,1.01,1.673094339s,1.00,1.870994188s,1.12
2023-01-20 20:30:59.429136079 +0000 UTC m=+732.790486291,200,3000,146,goMap,1.523208562s,1.523208562s,1.00,1.981723712s,1.30,2.494849925s,1.64
2023-01-20 20:31:04.908367901 +0000 UTC m=+738.270147912,200,3000,147,hashMap,1.626589344s,1.878865515s,1.16,1.626589344s,1.00,1.96476224s,1.21
2023-01-20 20:31:09.587392752 +0000 UTC m=+742.949172778,200,3000,148,hashMap,1.475707464s,1.597318302s,1.08,1.475707464s,1.00,1.59646719s,1.08
2023-01-20 20:31:14.29839293 +0000 UTC m=+747.660172945,200,3000,149,goMap,1.445912185s,1.445912185s,1.00,1.52279874s,1.05,1.735043076s,1.20
2023-01-20 20:31:19.29070902 +0000 UTC m=+752.652489034,200,3000,150,hashMap,1.553073362s,1.751237044s,1.13,1.553073362s,1.00,1.675167549s,1.08
2023-01-20 20:31:23.470767045 +0000 UTC m=+756.832547059,200,3000,151,hashMap,1.36073275s,1.398445063s,1.03,1.36073275s,1.00,1.412215174s,1.04
2023-01-20 20:31:27.695260299 +0000 UTC m=+761.057040312,200,3000,152,hashMap,1.29092007s,1.47460688s,1.14,1.29092007s,1.00,1.450671081s,1.12
2023-01-20 20:31:32.237271759 +0000 UTC m=+765.599051774,200,3000,153,goMap,1.400291452s,1.400291452s,1.00,1.597398702s,1.14,1.536283719s,1.10
2023-01-20 20:31:36.159240671 +0000 UTC m=+769.521216817,200,3000,154,goMap,1.288688567s,1.288688567s,1.00,1.307546467s,1.01,1.317487784s,1.02
2023-01-20 20:31:40.508913118 +0000 UTC m=+773.870889263,200,3000,155,hashMap,1.392663046s,1.444115425s,1.04,1.392663046s,1.00,1.503786227s,1.08
2023-01-20 20:31:44.621318989 +0000 UTC m=+777.983295137,200,3000,156,hashMap,1.257082871s,1.374650356s,1.09,1.257082871s,1.00,1.47275003s,1.17
2023-01-20 20:31:48.698766967 +0000 UTC m=+782.060743114,200,3000,157,hashMap,1.249102109s,1.370295321s,1.10,1.249102109s,1.00,1.451213681s,1.16
2023-01-20 20:31:52.755472525 +0000 UTC m=+786.117448671,200,3000,158,goMap,1.297248317s,1.297248317s,1.00,1.350117149s,1.04,1.402622352s,1.08
2023-01-20 20:31:56.884175793 +0000 UTC m=+790.246151941,200,3000,159,syncMap,1.310690489s,1.353050881s,1.03,1.45826208s,1.11,1.310690489s,1.00
2023-01-20 20:32:01.049737316 +0000 UTC m=+794.411713462,200,3000,160,goMap,1.318515946s,1.318515946s,1.00,1.375756431s,1.04,1.458940698s,1.11
2023-01-20 20:32:05.629031452 +0000 UTC m=+798.991240802,200,3000,161,syncMap,1.430874725s,1.655436841s,1.16,1.485518952s,1.04,1.430874725s,1.00
2023-01-20 20:32:09.890264015 +0000 UTC m=+803.252473367,200,3000,162,hashMap,1.393233715s,1.420281059s,1.02,1.393233715s,1.00,1.440460492s,1.03
2023-01-20 20:32:14.762619871 +0000 UTC m=+808.124829219,200,3000,163,goMap,1.48265614s,1.48265614s,1.00,1.54435517s,1.04,1.83766516s,1.24
2023-01-20 20:32:19.472104814 +0000 UTC m=+812.834314165,200,3000,164,hashMap,1.382702087s,1.859486938s,1.34,1.382702087s,1.00,1.459592228s,1.06
2023-01-20 20:32:23.622441668 +0000 UTC m=+816.984651019,200,3000,165,hashMap,1.306336601s,1.307896712s,1.00,1.306336601s,1.00,1.527930205s,1.17
2023-01-20 20:32:27.890092671 +0000 UTC m=+821.252302046,200,3000,166,goMap,1.365748226s,1.365748226s,1.00,1.444321898s,1.06,1.4481821s,1.06
2023-01-20 20:32:32.382371458 +0000 UTC m=+825.744580809,200,3000,167,goMap,1.444910822s,1.444910822s,1.00,1.465159851s,1.01,1.572775543s,1.09
2023-01-20 20:32:37.307884588 +0000 UTC m=+830.668660871,200,3000,168,syncMap,1.489775203s,1.84817658s,1.24,1.576982694s,1.06,1.489775203s,1.00
2023-01-20 20:32:41.740374392 +0000 UTC m=+835.101150674,200,3000,169,hashMap,1.428521381s,1.481212615s,1.04,1.428521381s,1.00,1.511605965s,1.06
2023-01-20 20:32:46.194266494 +0000 UTC m=+839.555042777,200,3000,170,goMap,1.437815921s,1.437815921s,1.00,1.512257298s,1.05,1.49007932s,1.04
2023-01-20 20:32:50.674119687 +0000 UTC m=+844.034895971,200,3000,171,hashMap,1.350589188s,1.573654111s,1.17,1.350589188s,1.00,1.548099033s,1.15
2023-01-20 20:32:54.974330834 +0000 UTC m=+848.335107117,200,3000,172,goMap,1.378954249s,1.378954249s,1.00,1.426168107s,1.03,1.488218621s,1.08
2023-01-20 20:32:59.286366769 +0000 UTC m=+852.647143052,200,3000,173,hashMap,1.367505082s,1.419158438s,1.04,1.367505082s,1.00,1.518201494s,1.11
2023-01-20 20:33:03.557671179 +0000 UTC m=+856.919844146,200,3000,174,hashMap,1.378386934s,1.407576279s,1.02,1.378386934s,1.00,1.477431893s,1.07
2023-01-20 20:33:08.92210595 +0000 UTC m=+862.284278916,200,3000,175,goMap,1.734129103s,1.734129103s,1.00,1.877179439s,1.08,1.739127935s,1.00
2023-01-20 20:33:15.089593534 +0000 UTC m=+868.451766506,200,3000,176,goMap,1.756210785s,1.756210785s,1.00,2.191481408s,1.25,2.210823374s,1.26
2023-01-20 20:33:22.099294202 +0000 UTC m=+875.461467180,200,3000,177,goMap,1.830223967s,1.830223967s,1.00,2.061600864s,1.13,3.093824091s,1.69
2023-01-20 20:33:29.041538948 +0000 UTC m=+882.403711917,200,3000,178,syncMap,1.540918247s,3.002218353s,1.95,2.387215031s,1.55,1.540918247s,1.00
2023-01-20 20:33:34.674917061 +0000 UTC m=+888.035395316,200,3000,179,hashMap,1.474782901s,1.93579548s,1.31,1.474782901s,1.00,2.210644536s,1.50
2023-01-20 20:33:40.631475587 +0000 UTC m=+893.991953842,200,3000,180,syncMap,1.351358871s,2.557740767s,1.89,2.030871945s,1.50,1.351358871s,1.00
2023-01-20 20:33:44.791995902 +0000 UTC m=+898.152474154,200,3000,181,hashMap,1.238439105s,1.417551568s,1.14,1.238439105s,1.00,1.497567316s,1.21
2023-01-20 20:33:48.920435633 +0000 UTC m=+902.280913884,200,3000,182,hashMap,1.296708161s,1.440106973s,1.11,1.296708161s,1.00,1.383435345s,1.07
2023-01-20 20:33:53.39002695 +0000 UTC m=+906.750505201,200,3000,183,hashMap,1.388842501s,1.449659908s,1.04,1.388842501s,1.00,1.62243944s,1.17
2023-01-20 20:33:58.751671455 +0000 UTC m=+912.112149704,200,3000,184,syncMap,1.47312103s,1.973505173s,1.34,1.903993816s,1.29,1.47312103s,1.00
2023-01-20 20:34:03.597496572 +0000 UTC m=+916.959200865,200,3000,185,goMap,1.499948938s,1.499948938s,1.00,1.752903712s,1.17,1.585837721s,1.06
2023-01-20 20:34:08.697966673 +0000 UTC m=+922.059670964,200,3000,186,syncMap,1.529207483s,1.783463251s,1.17,1.780484074s,1.16,1.529207483s,1.00
2023-01-20 20:34:13.428208494 +0000 UTC m=+926.789912804,200,3000,187,goMap,1.409160054s,1.409160054s,1.00,1.563802161s,1.11,1.749182435s,1.24
2023-01-20 20:34:19.101774656 +0000 UTC m=+932.463478953,200,3000,188,syncMap,1.692834775s,2.032781999s,1.20,1.939385528s,1.15,1.692834775s,1.00
2023-01-20 20:34:24.024870632 +0000 UTC m=+937.386574925,200,3000,189,syncMap,1.466224521s,1.958690836s,1.34,1.490165494s,1.02,1.466224521s,1.00
2023-01-20 20:34:28.751592889 +0000 UTC m=+942.113297215,200,3000,190,hashMap,1.340231363s,1.681226602s,1.25,1.340231363s,1.00,1.692181285s,1.26
2023-01-20 20:34:34.217723031 +0000 UTC m=+947.579338252,200,3000,191,syncMap,1.554103044s,1.889522935s,1.22,2.012081725s,1.29,1.554103044s,1.00
2023-01-20 20:34:38.844454039 +0000 UTC m=+952.206069261,200,3000,192,goMap,1.457648553s,1.457648553s,1.00,1.667345388s,1.14,1.485912961s,1.02
2023-01-20 20:34:43.551862235 +0000 UTC m=+956.913477456,200,3000,193,hashMap,1.540997607s,1.557922125s,1.01,1.540997607s,1.00,1.599585436s,1.04
2023-01-20 20:34:48.144630284 +0000 UTC m=+961.506245505,200,3000,194,hashMap,1.442412688s,1.486299678s,1.03,1.442412688s,1.00,1.653965651s,1.15
2023-01-20 20:34:54.95383098 +0000 UTC m=+968.315446201,200,3000,195,hashMap,2.035056125s,2.287387128s,1.12,2.035056125s,1.00,2.470410373s,1.21
2023-01-20 20:34:59.432488974 +0000 UTC m=+972.794104197,200,3000,196,syncMap,1.383567558s,1.675221854s,1.21,1.412329316s,1.02,1.383567558s,1.00
2023-01-20 20:35:03.924219947 +0000 UTC m=+977.285619695,200,3000,197,hashMap,1.456420533s,1.564908704s,1.07,1.456420533s,1.00,1.462897171s,1.00
2023-01-20 20:35:08.096620258 +0000 UTC m=+981.458020004,200,3000,198,hashMap,1.278896757s,1.376873349s,1.08,1.278896757s,1.00,1.50657235s,1.18
2023-01-20 20:35:12.26411595 +0000 UTC m=+985.625515698,200,3000,199,hashMap,1.315477147s,1.327573245s,1.01,1.315477147s,1.00,1.516878204s,1.15
